# 10/09/2025 10:45:02 AM: Prices - EPEX Spot Market Auction - austria - Currency: EUR,__parsed_extra
Delivery day,"Hour 1,Hour 2,Hour 3A,Hour 3B,Hour 4,Hour 5,Hour 6,Hour 7,Hour 8,Hour 9,Hour 10,Hour 11,Hour 12,Hour 13,Hour 14,Hour 15,Hour 16,Hour 17,Hour 18,Hour 19,Hour 20,Hour 21,Hour 22,Hour 23,Hour 24,Minimum,Maximum,Baseload,Peakload,Off-peak,Off-peak 2,Off-peak 1,Night,Late morning,Early afternoon,Evening,Early morning,Business,Afternoon,Middle night,Morning,High noon,Rush hour,Sun peak"
11/09/2025,"80.72,77.33,70.05,,64.83,65.65,77.42,108.57,123.07,117.69,108.27,79.03,65.6,55.22,49.23,70.06,79.87,90.37,109.37,114.34,161.57,134.61,108.09,103.37,99.59,49.23,161.57,92.25,91.72,92.78,111.42,83.46,72.67,92.65,63.6,120.26,93.68,78.12,87.42,73.23,114.4,62.27,118.91,66.5"
10/09/2025,"99.64,95.35,93.5,,93.82,93.01,101.34,130,212.31,151.73,123.6,115.95,113.78,100.51,95.47,100.21,103.91,117.74,122.96,154.85,252.39,157.7,107.67,93.19,83.4,83.4,252.39,121.42,129.43,113.41,110.49,114.87,96.11,126.27,100.03,141.53,134.17,113.15,111.21,95.58,154.41,106.43,161.99,104.97"
09/09/2025,"110.31,104.11,103.59,,103.93,104.21,115.95,181.52,294.59,183.49,120.97,103.9,97.34,86.06,86.05,90.23,98.26,109.34,124.73,188.14,380.24,201.79,128,114.8,107.6,86.05,380.24,,,,,,,,,,,,,,,,,"
08/09/2025,"84.49,87.87,87.38,,88.18,89.67,100.34,117.6,141.37,123.27,101.65,85.83,77.02,66.24,62.21,71.64,82.03,103.99,120.23,189.85,413.66,305.43,144.58,120.5,110.39,62.21,413.66,,,,,,,,,,,,,,,,,"
07/09/2025,"81.64,77.07,73.24,,75.62,75.17,74.97,73.56,50.71,0,-0.09,-4,-20.09,-40.02,-53.4,-39.45,-19.47,-2.16,48.11,101.16,114.02,120.03,105.97,98.21,91.14,-53.4,120.03,,,,,,,,,,,,,,,,,"
06/09/2025,"102.69,102.99,102.85,,102.14,101.25,102.08,96.32,94.19,99.97,83.63,11.99,0,-0.02,-0.86,-0.99,-0.01,47.24,93.52,105.58,148.14,129.27,104.96,103.96,82.71,-0.99,148.14,,,,,,,,,,,,,,,,,"
05/09/2025,"100.65,86.75,82.84,,81.82,81.64,94.34,114.08,126.57,120.78,101.96,91.73,89.89,83.1,76.36,75.11,82.22,94.54,110,112.61,148.04,140.07,115.36,105.66,98.97,75.11,148.04,,,,,,,,,,,,,,,,,"
04/09/2025,"92.93,87.29,74.82,,77.64,79.89,97.35,114.99,120,107.29,74.3,39.14,5.79,3.2,3.2,31.52,63.86,98.9,110.77,174.4,304.61,219.55,124.23,108.92,102.98,3.2,304.61,,,,,,,,,,,,,,,,,"
03/09/2025,"103.94,82.65,80.39,,74.07,81.03,98.9,104.62,106.59,101.97,79.77,42.05,8.91,5.78,5.97,7.66,41.37,71.08,102.95,114.94,147.95,131.99,103.97,102.96,102.92,5.78,147.95,,,,,,,,,,,,,,,,,"
02/09/2025,"86.98,84.2,86.86,,87.14,89.5,99,118.8,138.09,133.39,103.94,101.94,101.94,93.55,74.02,69.98,75.32,98.9,108.71,146.36,278.67,236.51,127.26,102.99,99,69.98,278.67,,,,,,,,,,,,,,,,,"
01/09/2025,"89.33,89.14,87.95,,86.89,88.69,98.73,113.97,117.38,108.84,100.01,72.64,64.23,40.25,23.12,39.33,71.01,83.13,110.93,125.91,220.25,195.33,119.71,108.31,97.72,23.12,220.25,,,,,,,,,,,,,,,,,"
31/08/2025,"80.6,71.47,63.96,,60.32,57.26,69.93,70.51,67.09,22.31,5.38,0.01,-0.02,-0.11,-1,-0.61,0,27.6,86.89,111.77,127.25,125.6,110.53,100.08,88.38,-1,127.25,,,,,,,,,,,,,,,,,"
30/08/2025,"94.63,89.3,85.33,,81.51,87.11,92.79,91.55,92.55,87.47,82.7,38.46,5.23,0,0,0,10,55.7,92.21,107.33,114.92,124.81,112,98.97,84.93,0,124.81,,,,,,,,,,,,,,,,,"
29/08/2025,"85.3,86.88,86.61,,87.71,89.89,98.32,109,111.75,112.64,102.23,88.08,77.54,66.08,57.28,65.66,82.32,93.43,114.99,114.99,143.77,129.25,112.47,99.13,89.2,57.28,143.77,,,,,,,,,,,,,,,,,"
28/08/2025,"97.15,92.1,88.07,,88.37,92.22,97.18,117.93,119.92,84.05,5.85,-8.07,-40,-40.17,-42.67,-19.99,0.52,79.09,114.99,141.62,143.71,143.79,119.98,105.77,90.73,-42.67,143.79,,,,,,,,,,,,,,,,,"
27/08/2025,"98.41,90.17,86.7,,88.4,91.72,99.6,109.98,115.53,113.64,101.63,75.08,73.09,61.05,46.94,49.65,77.54,86.79,107.29,128.28,208.1,208.51,126.12,113.63,103.57,46.94,208.51,,,,,,,,,,,,,,,,,"
26/08/2025,"104.68,101.66,99.04,,97.68,99.89,102.17,119.29,120,105.85,90,65,57.3,38.76,26.28,38.05,73.76,90.57,105.46,120.1,184.92,177.36,124.37,109.65,99.08,26.28,184.92,,,,,,,,,,,,,,,,,"
25/08/2025,"95.28,87.03,82.58,,79.71,80.64,99.74,111.91,120.5,106.87,91.97,68.89,35.02,10,5.93,6.78,25.2,65.06,90.51,108.96,152.79,215.54,136.31,115.04,105.15,5.93,215.54,,,,,,,,,,,,,,,,,"
24/08/2025,"100.5,95.11,93.62,,91.18,90.15,90.36,90,84.66,67.06,3.28,-0.01,-0.07,-1.98,-7.45,-7.4,-0.1,0,68.24,102.63,109.31,117,114.32,107.5,100.52,-7.45,117,,,,,,,,,,,,,,,,,"
23/08/2025,"95.33,89.32,86.91,,84.34,84.38,84.79,86.35,86.73,82.84,71.01,18.92,3.36,1.34,0.06,0.15,3.52,13.5,81.26,101.48,111.25,122.22,120.02,111.16,104.97,0.06,122.22,,,,,,,,,,,,,,,,,"
22/08/2025,"86.65,78.53,74.81,,73.02,71.82,82.18,101.92,103.26,98.56,89.54,70,41.46,17.46,6.47,2.62,6.33,44.8,71.03,92.12,103.03,111.99,106.98,102.88,94.37,2.62,111.99,,,,,,,,,,,,,,,,,"
21/08/2025,"95.99,83.65,83.1,,85.42,86.17,100.93,108.54,108.99,103.93,101.23,90.75,82.98,74.68,72.01,89.74,92.49,105.49,103.99,106.33,120.1,125.05,105.37,99.55,90.37,72.01,125.05,,,,,,,,,,,,,,,,,"
20/08/2025,"96.52,91.65,86.25,,84.2,88,96.86,106.94,107.04,103.02,82.14,69.95,68.06,47.4,35,41.3,69.51,77.31,103.84,115.69,131.04,126.97,112.82,104.93,99.87,35,131.04,,,,,,,,,,,,,,,,,"
19/08/2025,"100.38,93.38,86.89,,84.77,88.13,100.37,109,108.39,98.05,88.57,69.64,43.23,24.45,25.43,34.9,54.16,71.46,93.68,108.91,127.57,152.16,113.19,104.12,98.9,24.45,152.16,,,,,,,,,,,,,,,,,"
18/08/2025,"90.29,85.74,82.92,,80.94,86.1,96.68,113.52,118.91,104.91,87.69,71.06,45.93,20.04,14.23,18.34,54.56,72.94,98.91,110,177.2,200.47,124.56,106.51,99.26,14.23,200.47,,,,,,,,,,,,,,,,,"
17/08/2025,"89.23,83,83.68,,82.45,82.77,83.89,83.96,74.39,69.05,25.18,8.43,0.49,0.07,-0.63,-0.81,0.65,14.25,66.33,92.67,108.38,110.47,109.92,104.79,101.92,-0.81,110.47,,,,,,,,,,,,,,,,,"
16/08/2025,"94.16,89.3,87.95,,82.51,80.8,83.52,86.66,86.89,77.47,65.01,25.47,3.8,0.17,-0.01,-0.01,0,29.82,70.06,74.88,94.66,100.95,100.01,95.04,89.69,-0.01,100.95,,,,,,,,,,,,,,,,,"
15/08/2025,"99.51,98.28,92.53,,88.25,90.39,94.14,99.29,99.66,94,69.04,25,3,0.08,0,0,1.72,36.11,77,104.88,111.97,119.87,111.05,105.8,95.74,0,119.87,,,,,,,,,,,,,,,,,"
14/08/2025,"98.1,92,88.45,,87.56,87.93,96.05,106.78,109.39,99.31,90.44,69.07,64.5,49.97,40.96,54.9,69.43,78.99,99.28,111.41,213.41,269.13,154.1,120.72,105.95,40.96,269.13,,,,,,,,,,,,,,,,,"
13/08/2025,"96.62,90,86.89,,84.71,87.07,93.24,108.63,106.91,100,71.08,67.06,47.03,0.01,0.01,40.94,70.9,84.3,96.64,120.73,171.15,200.21,154.07,123.21,106.27,0.01,200.21,,,,,,,,,,,,,,,,,"
12/08/2025,"93,89.67,85.41,,84.79,85.58,92.59,105.03,104.33,96,72.6,26.98,15.18,8.38,3,5.15,35.05,72.68,90.69,102.96,131.7,154.93,144.54,114.68,98.35,3,154.93,,,,,,,,,,,,,,,,,"
11/08/2025,"95.94,88.05,84.54,,81.9,89.68,100.38,123.62,117.85,92.46,64.92,39.2,2.54,0,0,0,9,59.93,91.36,111.92,147.33,196.88,139.69,108.87,96,0,196.88,,,,,,,,,,,,,,,,,"
10/08/2025,"84.24,81.96,81.1,,75.68,77.94,80.71,78.86,66.03,26.52,-0.01,-3.97,-15.6,-36.46,-59.06,-50.34,-20.18,-0.69,1.4,85.15,103.9,110.02,115.65,105.73,96.58,-59.06,115.65,,,,,,,,,,,,,,,,,"
09/08/2025,"101.86,100.31,99.78,,96.5,96.13,96.31,95.97,88.83,65.06,15.34,-0.02,-1,-12.38,-17.17,-14.6,-3.42,-0.05,25.6,83.91,107.96,124.64,117.43,107.04,94.17,-17.17,124.64,,,,,,,,,,,,,,,,,"
08/08/2025,"92.84,89.29,84.9,,81.59,79.81,90.62,98.57,99.59,78.77,47.01,5.28,6.83,0,-0.01,-0.01,0,10.49,68.51,100.84,110.56,128,148.16,118.34,106.89,-0.01,148.16,,,,,,,,,,,,,,,,,"
07/08/2025,"96.88,94.68,88.8,,86.99,86.95,89.9,103.88,99.05,51.6,27.06,1.23,0,-0.22,-3.57,-0.1,-0.01,3.38,64.57,97.19,114.47,135.05,126.63,110,101.28,-3.57,135.05,,,,,,,,,,,,,,,,,"
06/08/2025,"75.42,58.73,59.07,,59.04,59.1,80.43,88.99,95.25,84.07,27.74,0,-1.84,-8.65,-12.96,-5.27,-3.11,17.08,51.23,95.78,112.34,167.11,153.68,110,100.42,-12.96,167.11,,,,,,,,,,,,,,,,,"
05/08/2025,"18.5,16.65,16.48,,26.03,59,69.17,86.97,92.08,71.02,3.67,-0.05,-1.84,-5.25,-20.29,-12.51,-5.93,39.82,69.98,81.98,81.9,89.95,105.35,89.66,80.69,-20.29,105.35,,,,,,,,,,,,,,,,,"
04/08/2025,"79.13,70.07,69.97,,69.23,72.16,73.92,91.99,99.77,95.29,85.96,66.38,45.67,14.34,4.05,0.66,10.23,34.8,64.97,80.87,92.95,95.66,87.67,70.78,59.95,0.66,99.77,,,,,,,,,,,,,,,,,"
03/08/2025,"83.65,77.35,70.08,,70.06,67.94,62.05,47.87,26.31,6.16,0,-1.01,-2.1,-3,-9.9,-10.08,-4.98,-1.62,-2.44,59.45,78.8,90.36,93.46,96,85.09,-10.08,96,,,,,,,,,,,,,,,,,"
02/08/2025,"98.02,98.03,95.62,,90.17,89.29,88.99,87.59,82.9,74.16,52.8,31.97,5.68,2.95,0,0,0,5.64,64.39,95.25,98.65,103.99,104.11,102.47,93,0,104.11,,,,,,,,,,,,,,,,,"
01/08/2025,"104.77,97.7,91.25,,86.98,91.96,98.57,105.25,109.15,105.6,93.95,65.06,62.5,62.9,65.24,51.67,52.3,74.69,77.04,97.25,104.91,109.59,106.52,103.43,96.75,51.67,109.59,,,,,,,,,,,,,,,,,"
31/07/2025,"88.18,78.08,77.72,,74.22,78.06,79.26,95.25,100.23,93.83,82.71,72.5,73.24,63.4,50.5,35.88,58.31,76.05,89.79,94.9,110,129.97,120.51,110.45,101.95,35.88,129.97,,,,,,,,,,,,,,,,,"
30/07/2025,"97.36,93.29,87.04,,87.15,89.47,99.65,103.12,95.35,87.69,67.47,51.06,40.46,24.79,17.69,10.7,28.49,47.93,81.06,87.74,101.93,109,110.83,102.15,88.62,10.7,110.83,,,,,,,,,,,,,,,,,"
29/07/2025,"84.8,86.83,86.55,,86.05,88.68,95.15,98.72,107.96,94.25,83.85,70.91,57.06,26.47,22.46,26.46,41.52,67.03,74.87,92.11,106.44,115.98,118.68,109.61,97.18,22.46,118.68,,,,,,,,,,,,,,,,,"
28/07/2025,"94.99,84.19,80.2,,80.99,82.18,83.55,100.06,107.1,117.14,110.11,102.23,94.92,85.39,81.4,73.94,82,86.6,94.94,99.86,100.35,99.24,102.15,100.39,95.16,73.94,117.14,,,,,,,,,,,,,,,,,"
27/07/2025,"98.03,92.93,88.42,,83.03,81.97,78.83,83.03,83.07,77.01,77.84,78.47,72.08,46.52,15.04,8.85,12.47,20.03,69.1,84.07,90.99,96.67,83.06,83.34,88.35,8.85,98.03,,,,,,,,,,,,,,,,,"
26/07/2025,"103.6,100.31,95.43,,94.8,95.41,94.54,94.48,92.75,90.1,89.24,83.55,78.58,69.08,68.02,65.15,78.02,83.02,85.64,101.76,99.03,107.34,111.65,111.95,104.97,65.15,111.95,,,,,,,,,,,,,,,,,"
25/07/2025,"104.93,100.95,93.38,,89.76,96.08,90.02,106.96,109.96,109.9,97.6,93.83,83.07,81.21,77.67,76.05,79.82,81.09,96.46,101.96,106.94,109.92,105,106.06,100.93,76.05,109.96,,,,,,,,,,,,,,,,,"
24/07/2025,"104.95,101.97,95.3,,90.13,92.33,101.98,107.61,110.93,106.93,96.62,90.54,85.78,83.19,83.06,79.19,93.64,100.11,106.97,104.99,110.44,114.98,118.78,114,107.48,79.19,118.78,,,,,,,,,,,,,,,,,"
23/07/2025,"100.59,90.26,93.08,,86.19,93.08,99.33,100.1,99.79,96.5,83.65,69.98,59.46,63.2,69.5,73.1,81.03,83.03,90.72,93.47,104.9,106.93,110.94,109.21,104.95,59.46,110.94,,,,,,,,,,,,,,,,,"
22/07/2025,"84.74,79.48,77.91,,76.09,82.43,92.44,102.67,101.9,96.3,89.09,84.74,71.66,50.29,2.4,1.4,16.9,71.02,86.23,95.69,104.96,110.09,110.61,108.38,101.93,1.4,110.61,,,,,,,,,,,,,,,,,"
21/07/2025,"83.06,83.01,79.03,,78.41,76.09,82.85,105.97,110.98,107.62,94.86,81.05,81.09,83.08,86.56,76.31,77.65,73.03,84.76,91.83,100.59,105.09,104.91,91.87,89.96,73.03,110.98,,,,,,,,,,,,,,,,,"
20/07/2025,"84.14,84.01,79.83,,92.56,95.63,85.61,88.51,72.77,69.08,36.23,8.09,1.9,0,-0.01,0,7.99,71.03,95.41,100.07,105.96,107.93,106.07,105.96,102.91,-0.01,107.93,,,,,,,,,,,,,,,,,"
19/07/2025,"105.41,103.62,97.45,,89.92,84.08,84.01,92.1,82.96,76.24,50.78,10,0.65,0,-0.01,0,4.09,39.43,79.23,97.22,105.97,105.98,105.28,98.37,86.39,-0.01,105.98,,,,,,,,,,,,,,,,,"
18/07/2025,"106.98,98.86,95.61,,94.85,95.97,105.1,113.99,114.58,109.39,96.81,84.08,81.98,80,73.02,71.2,72.68,80.04,84.08,91.15,111.09,138.8,139.5,122.58,105.94,71.2,139.5,,,,,,,,,,,,,,,,,"
17/07/2025,"101.56,99.8,91.38,,88.43,89.07,93.06,99.55,105.88,105.92,93.1,85,77.07,70.17,61.08,53.77,67.91,72.09,81.21,108.09,121.44,132.04,133.09,125.07,114.18,53.77,133.09,,,,,,,,,,,,,,,,,"
16/07/2025,"95.51,89.54,82.61,,79.07,79.36,84.66,103.2,110,109.38,99.62,85.02,82.04,82.42,84.26,89.99,89.99,89.91,91.04,101.75,110.02,129.92,126.19,119.93,106.17,79.07,129.92,,,,,,,,,,,,,,,,,"
15/07/2025,"104.07,97.69,89.64,,85.09,83.61,90.98,107.01,111.88,105.94,88.62,71.83,62.09,62.27,50.22,62.97,85.46,92.02,112.9,112.96,114.81,123.87,126.72,116.92,107.05,50.22,126.72,,,,,,,,,,,,,,,,,"
14/07/2025,"112.32,100.51,94.01,,89.85,92.02,103.47,112.97,113.67,99.71,83.6,75.69,74.06,73.37,66.22,59.26,79.96,85.02,110.01,102.46,132.96,132.91,137.4,126.15,112.93,59.26,137.4,,,,,,,,,,,,,,,,,"
13/07/2025,"112.94,106.42,104.28,,102.05,98.95,95.42,90.55,88.24,70.02,18.19,4.28,0.05,0,0,0,0,2.22,65.07,92.06,110.77,116.56,126.67,126.94,114.99,0,126.94,,,,,,,,,,,,,,,,,"
12/07/2025,"111.32,103.29,101.73,,94.77,90.5,88.05,83.44,86.02,81,59.73,18.19,3,0.22,0,0,0.22,22.19,75.14,101.29,107.63,115.86,121.87,124.03,112.91,0,124.03,,,,,,,,,,,,,,,,,"
11/07/2025,"101.91,96.29,90.9,,87.18,87.89,95.36,102.94,102.99,101.96,89.23,78.31,67.02,59,39.46,32.04,50,55.22,87.11,97.49,102.37,110.06,110.95,110.92,98.92,32.04,110.95,,,,,,,,,,,,,,,,,"
10/07/2025,"100.91,95.73,89.1,,86.08,87.4,98.25,105.73,105.35,100.92,87.06,75.98,61.4,44.99,38.62,38.66,55.76,76.07,84.7,96.29,112.87,132.31,130.28,120,106.77,38.62,132.31,,,,,,,,,,,,,,,,,"
09/07/2025,"94.86,82.41,79.08,,78.74,78.54,92.1,106.77,111.95,109.91,93.12,78.1,69.07,59.08,43.39,33.96,52.4,67.01,78.02,96.13,115.2,129.43,128.93,111.84,103.83,33.96,129.43,,,,,,,,,,,,,,,,,"
08/07/2025,"101,90.53,86.21,,84.35,84.77,88.45,105,116.55,111.51,84.79,86.01,86.09,86.08,76.51,70.45,76.98,82.04,81.9,92.29,104.94,110.9,117.97,112.59,99.61,70.45,117.97,,,,,,,,,,,,,,,,,"
07/07/2025,"116,103.81,100.53,,96.86,98.87,108.22,128.24,136.95,142.1,127.95,111.04,103.87,88.12,92,84.44,92.1,97.99,104.9,104.91,129.32,136.99,123.97,104.93,92.6,84.44,142.1,,,,,,,,,,,,,,,,,"
06/07/2025,"98.07,92.33,96.17,,89.71,88.56,89.09,75.09,74.07,67.02,33.71,19.51,14.84,12.51,8.1,10.37,49.52,79.91,102.91,104.92,106.93,124.89,124.37,115.14,104.94,8.1,124.89,,,,,,,,,,,,,,,,,"
05/07/2025,"102.85,96.22,94.85,,91.23,90.19,89.07,81.41,46.49,17.86,3.34,0,-0.14,-2.06,-6.52,-3.09,9.18,6.11,75.01,89.08,104.93,106.01,112.07,116.55,102.17,-6.52,116.55,,,,,,,,,,,,,,,,,"
04/07/2025,"106.35,102.98,98.68,,97.34,101.72,103.99,119.05,115.71,100,91.15,70.01,74.02,73.1,53.44,56.46,67.45,66.05,81.38,101.51,120.02,150,149.91,128.19,105.96,53.44,150,,,,,,,,,,,,,,,,,"
03/07/2025,"91.11,89.05,79,,78.93,80.88,89.93,103.46,106.76,104.9,90.45,75.06,57.35,42.16,39.16,58.46,79.9,89.06,102.64,105.93,114.54,156.4,159.69,129.1,112.74,39.16,159.69,,,,,,,,,,,,,,,,,"
02/07/2025,"119.29,102.75,92.54,,92.08,90.39,99.16,113.88,109.85,104.52,88.97,74.1,62.03,34.09,22.42,52.09,71.85,89.03,102.94,113.99,186.45,161.17,162.25,131.54,105.99,22.42,186.45,,,,,,,,,,,,,,,,,"
01/07/2025,"111.28,95.59,89.1,,88.68,90.01,96.85,114.97,119.43,104.94,100,75.1,65.1,3.06,8.66,59.33,78.25,90.8,104.96,151.92,295.17,441.11,374.01,242.92,144.67,3.06,441.11,,,,,,,,,,,,,,,,,"
30/06/2025,"98.73,89.03,85.03,,84.13,86.15,95.92,112.89,111.68,100.91,94.72,70.05,8.72,0,-13.09,-0.12,67.03,74.36,97.9,106.66,178.94,273.58,226.62,157,122.65,-13.09,273.58,,,,,,,,,,,,,,,,,"
29/06/2025,"95.07,89.42,89.66,,86.82,85.2,85.3,86.34,74.44,47.36,1.1,0,-0.47,-4.35,-14.04,-8.96,-1.29,0,31.4,84.82,102.14,111.98,118.07,113.73,101,-14.04,118.07,,,,,,,,,,,,,,,,,"
28/06/2025,"96.92,89.98,82.65,,78.48,71.11,76.76,75.77,59.21,27.8,2.34,0.01,0.08,-1.29,-0.7,-4.97,0,12.27,49.77,83.83,98.95,104.99,120.07,119.45,103.5,-4.97,120.07,,,,,,,,,,,,,,,,,"
27/06/2025,"93.41,82.4,82.47,,84.13,86.37,88.03,102.73,113.2,107.7,91.26,79.29,67.45,54.83,51.76,46.38,70.05,85.49,96.92,100,100.62,103.91,129.04,124.72,104.96,46.38,129.04,,,,,,,,,,,,,,,,,"
26/06/2025,"119.95,107.8,102.93,,98.93,99,102.91,119.18,120.97,106.79,97.24,87.86,80.16,70.74,65.05,63.32,76.4,93.63,98.95,104.94,125.3,146,138.87,104.96,96.96,63.32,146,,,,,,,,,,,,,,,,,"
25/06/2025,"88.8,84.28,75.22,,77.52,76.81,88.09,104.12,111.89,97.99,74.12,27,15.93,15.1,11.14,20.73,27.96,53.78,85.03,101,119.14,185.76,230.52,166.8,120.14,11.14,230.52,,,,,,,,,,,,,,,,,"
24/06/2025,"90.93,88.1,83.6,,79.45,79.43,83.42,88.16,88.02,70.05,14.42,6.57,-2,-8.04,-13.48,-3.39,0.01,15.61,52.01,92.93,104.03,120.01,102.3,107.02,101.96,-13.48,120.01,,,,,,,,,,,,,,,,,"
23/06/2025,"80.08,65.32,63.79,,64.51,72.5,84.92,98.49,96,83.57,25.12,5.49,-0.07,-2.93,-15,-24.24,-13.91,7.86,52.09,90.91,107.14,120.02,108.16,103.96,96,-24.24,120.02,,,,,,,,,,,,,,,,,"
22/06/2025,"109.12,100.88,95.93,,93.16,91,87.95,73.28,26.44,0,-0.09,-11.11,-36.58,-64.09,-87.51,-71.98,-35.05,-5.37,6.73,90.05,110.06,133.19,134.56,125.38,101.63,-87.51,134.56,,,,,,,,,,,,,,,,,"
21/06/2025,"118.08,110.48,108.15,,107.07,108.35,104.04,100.68,90.74,75.93,23.4,-1.73,-3.44,-25.07,-60.17,-46.69,0,0.15,59.68,97.17,126.33,155.15,162.9,140.52,115.1,-60.17,162.9,,,,,,,,,,,,,,,,,"
20/06/2025,"101.93,102.97,102.91,,104.55,104.08,109.04,119.67,115.62,100.91,66.2,6.47,0.47,-3.7,-2.88,-0.58,6.55,29.72,83.95,106.8,135.79,196.89,176.22,137.05,121.38,-3.7,196.89,,,,,,,,,,,,,,,,,"
19/06/2025,"113.42,105.1,102.71,,100.37,97.11,93.32,96.93,84.95,73.47,-5,-2.28,-28.54,-55.4,-80.01,-77.74,-4.94,22.47,45.78,98.99,131.98,142.21,139.21,131.29,103.83,-80.01,142.21,,,,,,,,,,,,,,,,,"
18/06/2025,"112.76,106.18,101.27,,94.91,96.2,101.92,110.93,114.18,110.61,77.31,21.96,1.17,0.26,-0.08,-0.66,0.28,-0.52,69.9,101.99,102.23,117.3,169.23,133.06,114.39,-0.66,169.23,,,,,,,,,,,,,,,,,"
17/06/2025,"103.34,94.72,93.36,,93.24,93.91,101.98,116.85,105.58,96.73,66.41,5.05,-0.5,-2.7,-4.91,-6.2,-1.93,8.65,77.23,107.62,141.34,235.52,231.47,135.53,116.1,-6.2,235.52,,,,,,,,,,,,,,,,,"
16/06/2025,"103.75,91.9,83.13,,86.09,82.79,88.39,108.31,122.58,105.05,80.97,62.93,42.61,24.5,23.45,21.24,27.33,33.28,64.58,89.24,120.29,186.1,189.94,126.44,96.45,21.24,189.94,,,,,,,,,,,,,,,,,"
15/06/2025,"91.93,86.93,85.32,,86.9,89.54,89.99,79.21,59.04,5,-1.01,0,-0.02,-1.53,-5.85,-5,-2,-0.01,55.15,91.97,122.97,142.18,135.95,128.29,97.11,-5.85,142.18,,,,,,,,,,,,,,,,,"
14/06/2025,"100.31,84.18,80,,78.09,71.29,64.08,50.96,23.15,8.16,0,-3.86,-15.14,-52.74,-51.8,-27.33,-6.83,-0.41,8.1,80.6,129.93,149.25,127.2,122.98,104.99,-52.74,149.25,,,,,,,,,,,,,,,,,"
13/06/2025,"88.46,78.65,75.96,,75.91,75.37,80.1,91.7,85.75,75.99,40.44,4.1,-0.04,-4.63,-12.32,-10.07,-3.04,-0.01,38.37,83.68,121.94,147.23,120.29,106.91,86.97,-12.32,147.23,,,,,,,,,,,,,,,,,"
12/06/2025,"92.91,87.7,84.35,,84.85,89.06,92,109.76,96.83,76.66,36.46,0,-2,-20,-28.8,-26.29,-11.57,-2.78,27.26,91.9,135.71,179.67,135,118.12,91.96,-28.8,179.67,,,,,,,,,,,,,,,,,"
11/06/2025,"79.96,73.05,67.79,,73.08,73.05,73.78,96.89,99.84,80.25,59.03,19.71,1.38,0.74,0.01,-3.4,-2.4,16.19,68.79,89.72,132.28,208.83,171.44,118.13,97.45,-3.4,208.83,,,,,,,,,,,,,,,,,"
10/06/2025,"90.41,82.34,71.17,,62.05,56.05,62.37,79.26,85.19,86.28,62.08,23.07,1.68,-0.33,-2.05,-5.96,-3.66,0.03,79.29,102.96,125.98,121.98,110.05,95.93,73.85,-5.96,125.98,,,,,,,,,,,,,,,,,"
09/06/2025,"38.92,32.63,34.33,,33.52,37.91,51.04,53.18,31.81,0.34,-4,-1.96,-8.09,-14.32,-19.33,-9.7,-9.3,4,2.48,62.41,100.1,108.95,135,121.92,103.63,-19.33,135,,,,,,,,,,,,,,,,,"
08/06/2025,"94.92,87.94,81.28,,76.49,71.24,59.03,41.84,4.06,0,-0.5,-2,-3.78,-17.39,-23.97,-27.68,-24.66,0,32.76,56.01,85.9,94.9,102.32,85.97,71.71,-27.68,102.32,,,,,,,,,,,,,,,,,"
07/06/2025,"80,67.44,64.14,,69.17,73.85,74.6,78.6,77.79,71.25,58.02,28.32,9.44,1.19,-0.01,-0.02,-0.02,4.48,27.41,73.91,73.99,83.1,90.56,83.51,82.37,-0.02,90.56,,,,,,,,,,,,,,,,,"
06/06/2025,"73.89,73.04,66.79,,56.07,62.06,63.21,73.96,84.66,59.75,6.58,0.02,-0.83,-5.93,-9.31,-9.24,-11.41,0.01,-6.52,62.04,108.62,102.99,133,124.66,103.03,-11.41,133,,,,,,,,,,,,,,,,,"
05/06/2025,"86.61,90.95,86.01,,85.97,86.24,88.09,94.96,111.93,101.08,74.02,64.22,49.29,20.37,11.6,7.07,20.22,56.6,78.41,86.67,87.91,87.94,99.99,97.31,84.91,7.07,111.93,,,,,,,,,,,,,,,,,"
04/06/2025,"83.46,75.1,71.36,,71.27,75.42,81.41,86.18,110.87,95,61.06,2.01,-4.91,2.97,9.69,18.26,43.35,64.02,80.76,91.38,86.05,91.99,89.02,87.67,76.7,-4.91,110.87,,,,,,,,,,,,,,,,,"
03/06/2025,"118.59,113.71,107.44,,103.1,100.27,110.48,136.18,126.71,89.34,58.07,5.21,4.53,5.37,3.55,1.67,8.04,34.38,77.97,103.38,132.76,181.92,134.38,108.97,101.6,1.67,181.92,,,,,,,,,,,,,,,,,"
02/06/2025,"86.06,79.07,77.92,,80.49,87.61,91.93,108.71,107.12,102.25,88.31,60.09,33.21,20,12.78,11,19.75,61.2,89.04,102.91,110.54,131.84,211.25,125.38,104.02,11,211.25,,,,,,,,,,,,,,,,,"
01/06/2025,"91.87,84.94,73.04,,69.66,67.71,62.25,34.73,13,2.4,-0.01,-0.6,-2.11,-5.48,-12.93,-20.41,-15.61,-6,-1.59,21.23,90.35,100.04,96.73,108.94,94.57,-20.41,108.94,,,,,,,,,,,,,,,,,"
31/05/2025,"107,101.34,101.17,,102.44,103.53,101.25,85.1,72.06,52.04,1,-0.02,-1,-3.07,-13.17,-7.75,-3,-0.05,44.02,88.46,130.8,146.96,175.28,129.97,103.47,-13.17,175.28,,,,,,,,,,,,,,,,,"
30/05/2025,"62.06,45.89,40.01,,33.95,37.39,56.7,81.07,68.38,53.01,29.13,1.83,0.31,3.27,0.5,-0.77,0.07,0.12,17.3,75.75,123.09,150.47,142.44,130.19,108.29,-0.77,150.47,,,,,,,,,,,,,,,,,"
29/05/2025,"96.15,91.68,89.99,,89.59,89.32,89.95,87.42,80.49,81.6,60.33,17.47,1.47,0.01,1.98,-2.86,4.27,9.56,40,58.1,81.09,90.45,89.98,89.97,74.26,-2.86,96.15,,,,,,,,,,,,,,,,,"
28/05/2025,"86.98,73.07,69.96,,65.61,68.8,78.76,93.92,103.1,97.57,93.94,81.39,76.09,68.43,62.01,56.41,55.81,70.48,93.96,113.37,133.93,159.68,126.16,114.57,97.94,55.81,159.68,,,,,,,,,,,,,,,,,"
27/05/2025,"99.7,86.53,76.75,,74.04,77.86,82.34,90.95,85.91,69.93,52.12,4.53,3.48,0.2,2.22,5.96,16.84,60.07,90.94,112.51,133.55,150.49,129.22,109.36,90.69,0.2,150.49,,,,,,,,,,,,,,,,,"
26/05/2025,"88.8,81.04,76.74,,75.86,80.01,88.13,116.93,145.22,129.91,91.79,72.79,32.56,24.65,18.65,10.22,10.39,26.35,61.05,110.48,138.42,199.58,168.36,116.92,105.09,10.22,199.58,,,,,,,,,,,,,,,,,"
25/05/2025,"75.02,62.03,26.24,,8.39,3.92,4.98,1.25,1.3,0.04,0.07,-0.86,-2.26,-2.76,-5.82,-8.09,-6.81,-2.19,4.25,50.35,93.54,112.17,113.57,104.95,96.29,-8.09,113.57,,,,,,,,,,,,,,,,,"
24/05/2025,"107.3,97.78,93,,87.85,85.81,83.13,83.46,78.03,62.51,12.26,-0.01,0,0.08,0.08,0.27,-0.96,1.72,54.16,90.01,118.77,138.44,124.99,104.12,92.94,-0.96,138.44,,,,,,,,,,,,,,,,,"
23/05/2025,"106.95,100.81,93.88,,93.62,97.9,110.54,134.9,135.31,114.98,84.43,72.04,61.31,13.44,17.83,20,64.98,83.96,86.74,112.67,138.9,154.93,149.76,129.92,112.48,13.44,154.93,,,,,,,,,,,,,,,,,"
22/05/2025,"105.94,95.07,90.86,,92.04,91.67,98.51,116.42,124.91,104.95,99.55,92.89,88.25,90,81.26,84.62,95.73,98.96,100.02,100.68,123.28,139.27,136.9,122.35,109.64,81.26,139.27,,,,,,,,,,,,,,,,,"
21/05/2025,"107.93,102.33,97.9,,94.9,93.7,102.49,112.48,116.54,107.82,84.82,42.22,0.15,-0.1,-2.2,-1.53,-0.01,2.06,49.08,86.32,100.1,114.35,110.27,100.72,90,-2.2,116.54,,,,,,,,,,,,,,,,,"
20/05/2025,"116.99,109.96,106.16,,106.36,109.14,118.96,145.56,135.27,98.14,85.56,64.38,16.01,5.49,9.93,10.55,28.29,70.05,102.56,112.33,130.18,150.61,134.56,114.73,111.95,5.49,150.61,,,,,,,,,,,,,,,,,"
19/05/2025,"113.12,106.93,99.91,,96.72,99.48,109.39,128.92,131.38,109.11,96.81,72.01,29.06,12.77,5,8,29.27,71.3,98.16,114.49,143.75,215.41,149.98,129.65,115.07,5,215.41,,,,,,,,,,,,,,,,,"
18/05/2025,"107.91,102.84,99.97,,98.78,99.67,99.43,92.42,88.23,63.04,8.36,0,-0.2,-2,-7.37,-15,-8.97,-0.2,28.69,91.1,110.04,119.94,133.08,120.65,105.95,-15,133.08,,,,,,,,,,,,,,,,,"
17/05/2025,"94.63,94.62,89.58,,90.05,91.44,96.54,93.04,90.62,60.97,0.78,-0.08,-5.95,-4.62,-10.45,-11.75,-5.87,-7.9,-9.9,66.28,99.96,108.96,119.99,110.06,106.96,-11.75,119.99,,,,,,,,,,,,,,,,,"
16/05/2025,"93.01,90.6,88.13,,87.07,90.94,97.05,109.11,114.56,103.31,77.59,36.47,7.5,0,-8.01,-3.43,22.07,16.5,77.38,104.95,124.22,137.91,132.05,116.92,101.77,-8.01,137.91,,,,,,,,,,,,,,,,,"
15/05/2025,"95.39,86.96,88.03,,87.26,89.87,98.94,115.1,119.23,99.07,69.34,11.89,7.19,7.52,11.69,13.1,40.75,70,70.03,85.2,105.92,115.47,122.01,107.92,98.96,7.19,122.01,,,,,,,,,,,,,,,,,"
14/05/2025,"103.91,99.16,97.07,,97.01,100.33,106.28,128.09,121.49,99.71,73.01,0.15,-1.67,-24.64,-39.02,-41.46,-12.79,5.41,69.9,102.59,114.86,107.96,119.93,107.76,98.99,-41.46,128.09,,,,,,,,,,,,,,,,,"
13/05/2025,"88.05,88.73,90.21,,96.69,100,104,136.18,128.33,100.42,82.31,16.35,7.9,-2.74,-9.96,-12.65,-6.34,-6.51,71.29,106.76,134.1,177.09,144.05,108.35,100.95,-12.65,177.09,,,,,,,,,,,,,,,,,"
12/05/2025,"89.52,84.6,84.15,,84.78,88.21,98.92,132.58,140.98,103.9,69.74,5.88,-1.99,-5.26,-11.11,-20.94,6.21,62.93,72.58,100.98,124.06,117.16,103.92,99.95,90.49,-20.94,140.98,,,,,,,,,,,,,,,,,"
11/05/2025,"99.82,98.99,97.43,,98.99,99.01,98.93,91.54,68.06,4.96,-0.1,-12.64,-59.11,-221.52,-252.6,-252.58,-117.74,-22.57,-0.01,75.14,98.98,104,117.19,103.96,90.69,-252.6,117.19,,,,,,,,,,,,,,,,,"
10/05/2025,"98,106.27,102.05,,96.34,100.24,100.17,97.31,91.77,70.06,9.32,-0.09,-23.98,-57.82,-113.47,-114.97,-50.15,-6.87,50.07,97.42,126.7,129.92,117.93,110.9,95.99,-114.97,129.92,,,,,,,,,,,,,,,,,"
09/05/2025,"100.76,100.5,97.53,,98.84,99.4,107.42,125.06,128.77,92.23,85.32,54.76,4.24,2.1,0.12,0.01,8.64,67.27,86.77,82.07,105.65,130,116.88,100.37,97.98,0.01,130,,,,,,,,,,,,,,,,,"
08/05/2025,"99.93,95.56,95.44,,97.84,95.58,108.91,123.73,135.2,119.92,105.93,92.94,80.75,68.06,67.42,74.23,84.02,90.78,93.35,116.66,137.97,151,123.99,117.99,110.1,67.42,151,,,,,,,,,,,,,,,,,"
07/05/2025,"97.1,91.41,89.36,,91.5,92.3,100.01,124.95,140.04,119.97,85.07,74.19,70.3,62.48,60.66,66.09,73.81,81.29,102.73,114.1,134.92,133.4,120.49,111.45,100.01,60.66,140.04,,,,,,,,,,,,,,,,,"
06/05/2025,"84.08,77.76,74.26,,73.19,82.31,93.71,110.62,116.49,107.95,84.81,77.4,66.1,66.03,65,64.9,66.02,72.37,93.2,110.54,128.06,150.28,127.09,108.74,99.93,64.9,150.28,,,,,,,,,,,,,,,,,"
05/05/2025,"68.29,72.05,64.07,,66.06,68.73,88.77,104.91,126.83,111.25,97.17,91.51,72.61,65,62.06,62.09,69.8,90.59,97.09,107.93,138.94,114.97,117.46,103,98.99,62.06,138.94,,,,,,,,,,,,,,,,,"
04/05/2025,"61.81,46.07,32.28,,20.6,20.34,15.58,13.62,7.83,2.93,0,-0.01,-0.01,-0.02,-2,-5.01,-1.59,-0.01,10.63,84.31,99.6,108.74,104.97,99.41,90.24,-5.01,108.74,,,,,,,,,,,,,,,,,"
03/05/2025,"99.95,95.68,94.06,,91.71,88.92,88.91,87.92,82.81,61.43,13.53,0.01,-0.01,-1.16,-3.04,-2.69,-0.03,0,29.65,70.5,78.37,88.97,86.97,80.53,65.91,-3.04,99.95,,,,,,,,,,,,,,,,,"
02/05/2025,"88.5,72.28,62.09,,61.94,66.31,77.22,87.97,78.78,58.02,10.18,0.85,-0.01,-0.8,-3,-4,-0.08,0.3,70.32,102.95,123.35,148.37,123.38,108.94,98.72,-4,148.37,,,,,,,,,,,,,,,,,"
01/05/2025,"99.97,94.21,92.4,,92.91,92.98,86.01,81.48,71.5,54.54,0,-3,-40.1,-77.37,-125.77,-118.05,-49.99,-5.17,36.75,97.68,129.32,163.14,119.99,99.9,86.35,-125.77,163.14,,,,,,,,,,,,,,,,,"
30/04/2025,"95,90.09,89.47,,90,93.66,97.4,115,120.3,93.96,73.6,7.08,0,-1,-6.21,-3,-0.02,19.91,80.26,103.3,132.05,175.29,127.83,108.74,99.74,-6.21,175.29,,,,,,,,,,,,,,,,,"
29/04/2025,"92.48,88.38,83.66,,81.42,82.27,90.97,107,112.98,90.45,64.23,5.05,0,-0.76,-1.9,-1.68,-0.01,14.82,77.6,102,139.83,174.75,129.11,109.95,98.9,-1.9,174.75,,,,,,,,,,,,,,,,,"
28/04/2025,"93.67,88.1,83.67,,86.81,92.29,99.98,139.59,131.09,94.98,67.37,9.65,-0.01,-3.34,-5.9,-6.18,-1.54,2.01,72.36,102.31,149.9,187.08,128.83,106.06,96.92,-6.18,187.08,,,,,,,,,,,,,,,,,"
27/04/2025,"70.08,61.35,58.05,,58.6,65.1,66.73,66.21,62.2,35.05,0.04,-3,-31.92,-85.96,-112.53,-107.38,-50.15,-5.17,18.35,93.97,110.33,123.6,108.65,99,94,-112.53,123.6,,,,,,,,,,,,,,,,,"
26/04/2025,"97.68,94.55,93.92,,92.23,91.54,93.04,95.01,86.92,69.09,34.45,2.55,-0.01,-4.73,-12.51,-10.5,-2.08,-0.01,30.99,79.63,99.94,96.93,95.06,86.41,74.05,-12.51,99.94,,,,,,,,,,,,,,,,,"
25/04/2025,"91.34,83.05,82.23,,83.6,85.13,95.38,105.56,113.39,104.23,83.1,83.01,73.49,68.28,50.47,43.81,65.31,80.15,85.9,100.85,116.76,123.07,109.63,100.37,92.09,43.81,123.07,,,,,,,,,,,,,,,,,"
24/04/2025,"95.84,90.13,88.44,,87.2,87.2,94.05,111.52,119.78,117.67,99.53,90.37,82.2,78.89,73.04,76.94,80.95,86.46,96.41,102.31,114.64,102.35,114.48,106.53,93.1,73.04,119.78,,,,,,,,,,,,,,,,,"
23/04/2025,"107.93,100.28,96.84,,97.1,102.39,108.69,137.09,144.23,121.2,100.12,83.1,82.15,78.01,79.66,83.37,96.11,101.47,110.77,132.42,150,152.3,127.42,108.56,99.71,78.01,152.3,,,,,,,,,,,,,,,,,"
22/04/2025,"97.09,89.63,88.38,,85.85,85.49,100,124.09,151.54,141.84,105.2,92.33,79.96,75.31,66.24,71.47,78.53,83.07,101.07,122.38,192.32,243.76,153.23,123.29,109.6,66.24,243.76,,,,,,,,,,,,,,,,,"
21/04/2025,"106.94,99.75,94.76,,94.4,98.28,97.56,93.87,88.89,67.05,24.18,-18.58,-10.35,-37.98,-45.75,-8.04,8.85,44.11,78.05,99.94,120.93,138.67,132.1,122.77,106.48,-45.75,138.67,,,,,,,,,,,,,,,,,"
20/04/2025,"102.61,98.68,95.59,,98.98,98.04,96,96.71,78.07,59.9,-3.72,-1.15,-52.27,-135.54,-132.83,-88.88,-9.93,0,64.08,106.99,112.84,138.58,129.56,121.4,111.24,-135.54,138.58,,,,,,,,,,,,,,,,,"
19/04/2025,"94.47,84.25,88.84,,87.03,89.46,95.95,100.62,96.96,78.07,48.13,11.76,4.54,0,-2.47,-5.97,-0.72,0.2,66.48,105.75,132.75,136.64,131.46,109.96,100.91,-5.97,136.64,,,,,,,,,,,,,,,,,"
18/04/2025,"89.74,81.27,78,,77.81,79.38,78.8,80.9,85.08,85.7,86.51,88.94,88.95,80.56,69.98,66.09,68.28,78.07,93.55,109.24,127.36,136.76,119.71,107.94,100.45,66.09,136.76,,,,,,,,,,,,,,,,,"
17/04/2025,"91.81,86.59,85.19,,84.47,86.25,92.4,110.38,123.44,115.91,69.1,29.18,2.36,-10.03,-0.31,0.01,70.06,89.9,101.98,115.9,131.47,125.56,113.82,98.9,96.92,-10.03,131.47,,,,,,,,,,,,,,,,,"
16/04/2025,"89.91,85.04,85.19,,84.93,87.3,105.48,125.86,135.14,109.94,71.02,42.5,5.59,-1,-0.8,-2.57,0,61.59,95.97,118,151.75,153.28,122.4,110,98.59,-2.57,153.28,,,,,,,,,,,,,,,,,"
15/04/2025,"80.95,78.72,73.68,,71.34,73.63,83.84,99.98,111.77,110.93,106.66,100.98,99,100.92,95.53,85.23,95.24,96.28,96.3,111.78,141.82,150.09,116.15,106.69,99.99,71.34,150.09,,,,,,,,,,,,,,,,,"
14/04/2025,"91.61,87.04,86.27,,86.63,89.51,104.16,123.6,152.03,143.7,110.25,100.06,87.47,82.42,78.18,71.56,81.2,97.01,102.95,125.62,165.43,150.03,107.33,88.77,81.52,71.56,165.43,,,,,,,,,,,,,,,,,"
13/04/2025,"80.31,66.16,63.06,,63.09,63.05,64.11,63.01,27.75,12.87,8.43,0,-0.02,-5.28,-18.84,-25.38,-9.93,-0.01,63.07,104.99,119.39,121.44,98.49,107.13,98.98,-25.38,121.44,,,,,,,,,,,,,,,,,"
12/04/2025,"112,108.7,104.91,,102.93,104.05,103.88,110.48,104.95,99.13,69.35,20.19,0,-7.6,-24.65,-30.64,-0.06,0.18,89.32,118.63,161.45,147.58,105.99,101.97,82.75,-30.64,161.45,,,,,,,,,,,,,,,,,"
11/04/2025,"81.68,79.16,69.77,,70.13,75.39,85.9,108.95,111.4,94.22,64.94,15.57,0.34,0,-0.13,-2.52,-0.04,20.06,80.05,104.41,117.12,148.13,118.54,116,110.79,-2.52,148.13,,,,,,,,,,,,,,,,,"
10/04/2025,"100.27,95.03,94.5,,93.83,97.21,104.97,140.19,174.9,137.75,104.29,88.05,70.36,40.28,2.55,0.09,2.34,65.47,80.87,106.8,157.1,160.09,118.05,102.89,85.76,0.09,174.9,,,,,,,,,,,,,,,,,"
09/04/2025,"109.65,102,99.96,,100.3,101.47,116.72,164.01,175.56,131.56,102.62,85.34,65.08,15.69,21.11,54.74,76.73,82.14,109.42,124.26,148.9,150,122.17,113.66,108.11,15.69,175.56,,,,,,,,,,,,,,,,,"
08/04/2025,"95.01,89.94,91.15,,93.11,94.59,111.25,149.09,179.93,136.77,91.33,81.98,79.9,65.5,60.67,73.24,84.14,89.33,99.79,128.27,159.98,172.22,139.52,124.37,109.92,60.67,179.93,,,,,,,,,,,,,,,,,"
07/04/2025,"90.01,88.68,85.02,,87.3,88.98,101.88,132.32,174.53,144.33,109.25,84.73,65,43.92,44.66,60.7,74.52,93.1,110.09,129.14,174.98,156.8,136.34,122.91,107.86,43.92,174.98,,,,,,,,,,,,,,,,,"
06/04/2025,"70.45,62.3,64.46,,70.88,72.45,80.72,79.75,81.29,42.87,0.1,-2,-27.47,-59.89,-115.63,-137.71,-86.52,-24.56,-6.59,108.97,129.17,132,123.79,114.33,102.27,-137.71,132,,,,,,,,,,,,,,,,,"
05/04/2025,"115.52,108.85,105.63,,106.31,105.76,105.37,111.07,113.46,102.96,57.7,0.66,-0.76,-18.04,-44.65,-46.59,-29.89,-4.17,0.1,65.1,93.7,109.92,90.41,78.99,68.75,-46.59,115.52,,,,,,,,,,,,,,,,,"
04/04/2025,"110.39,104.97,106.76,,106.76,108.46,115.1,153.05,180.17,142.34,96.85,65,7.82,0,-0.99,-0.91,0.97,37.18,86.64,126.35,177.87,159.72,127.06,119.3,102.97,-0.99,180.17,,,,,,,,,,,,,,,,,"
03/04/2025,"70.98,73.07,70.08,,70.93,74.7,98.59,134.86,164.96,133.3,79.11,41.64,1,0.28,-1.93,0.01,5.85,49.41,85.87,140.67,184.55,174.91,140,115.22,106.39,-1.93,184.55,,,,,,,,,,,,,,,,,"
02/04/2025,"70.34,70.26,70.2,,71.89,72.65,86.52,120.14,154.67,126.19,85.96,70.04,70.04,76.51,86.2,90.15,104.56,100.07,114.93,109.96,144.91,130.06,109.97,89.07,75.64,70.04,154.67,,,,,,,,,,,,,,,,,"
01/04/2025,"102.47,96.58,94.65,,96.03,93.54,103.31,131.34,176.31,159.37,110.04,87.75,77.17,70,70,77.16,81.1,99.44,102.35,132.8,161.81,142.21,115,97.69,81.08,70,176.31,,,,,,,,,,,,,,,,,"
31/03/2025,"70.3,65.29,66.42,,70.59,73.06,96.88,127.23,166.08,175.67,137.36,112.75,106.5,93.31,85.5,78.45,75.64,82.65,109.34,138.82,164.93,154.09,135.69,115.62,102.52,65.29,175.67,,,,,,,,,,,,,,,,,"
30/03/2025,"46.22,15.88,,,5.09,1.2,0.09,0.72,0.75,1.11,0.06,0,-1.65,-15.98,-23.41,-24.02,-12.34,-4.05,1.36,39.82,92,86,78.95,77.85,55.99,-24.02,92,,,,,,,,,,,,,,,,,"
29/03/2025,"119.14,108.03,100.25,,100,100.22,95.96,99.7,101.63,96.72,80.68,88.04,93.34,88.07,110.04,110.05,111.26,121.43,125.07,151.39,154.14,129.03,103.97,85.09,69.85,69.85,154.14,,,,,,,,,,,,,,,,,"
28/03/2025,"90.74,79.42,79.02,,79.39,80.06,108.98,129.97,122.2,102.08,80.04,89.9,73.72,79.46,88.03,100.69,104.55,108.96,132.01,165.99,165.9,151.03,127.93,121.95,112.46,73.72,165.99,,,,,,,,,,,,,,,,,"
27/03/2025,"105.17,99.05,98.09,,98.87,97.69,105.11,130.6,140.09,123.5,89.92,80.09,45.68,51.94,39.48,78.32,84.1,102.04,130.74,161.17,172.01,142.02,124.94,113.35,101.06,39.48,172.01,,,,,,,,,,,,,,,,,"
26/03/2025,"101.02,99.05,99.02,,99.09,100.22,112.22,133.56,142.88,137.93,111.86,100,96.95,95.1,84.97,94.75,102.05,117.26,138.88,163.91,170.87,154.18,129.98,121.35,109.57,84.97,170.87,,,,,,,,,,,,,,,,,"
25/03/2025,"102.54,102.02,100.76,,104.48,104.16,109.33,139.21,142.99,138.31,120.25,113.62,111.19,112.2,113.1,115.15,122.98,135.23,146.37,175,171.25,148.6,136,127.5,102.05,100.76,175,,,,,,,,,,,,,,,,,"
24/03/2025,"111.51,107.29,101.91,,98.94,101.99,120.16,141.5,164.28,162.3,135.77,111.51,109.77,105.39,110.07,120.19,127.93,134.62,155.01,211.99,193,161.98,138.95,126.19,115.47,98.94,211.99,,,,,,,,,,,,,,,,,"
23/03/2025,"37.86,36.16,43.85,,42.86,43.71,43.34,44.76,39.26,28.31,22.96,13.78,9.6,13.49,5.01,11.46,43.11,89,129.12,144.08,143.57,141.94,131.26,126.47,114.24,5.01,144.08,,,,,,,,,,,,,,,,,"
22/03/2025,"112.92,104.64,110.07,,110.07,113,115.96,91.73,77.07,77.03,65.81,30.14,19.74,77.04,77.04,78.07,100.06,116.92,118.97,120.01,116.95,103.12,78.06,77.04,62.43,19.74,120.01,,,,,,,,,,,,,,,,,"
21/03/2025,"129.83,119.32,116.66,,111.88,116.94,136.97,168.09,150.43,112.97,75.62,43.28,7.36,1.57,0.38,9.94,72.07,125.76,145.73,178.65,153.79,133.01,133.67,109.77,81.88,0.38,178.65,,,,,,,,,,,,,,,,,"
20/03/2025,"121.43,107.86,103.84,,105.39,110.51,126.57,151.13,143,100.42,79.09,39.06,3.42,0.43,0.65,17.14,81.34,123.87,165.29,262.62,236.42,162.12,144.97,133.51,124.31,0.43,262.62,,,,,,,,,,,,,,,,,"
19/03/2025,"110.67,106.43,104.41,,103.19,108.19,126.73,161.94,147.92,107.88,71.47,35.08,1.52,0.39,1.25,3.84,66.73,115.98,160.17,248.18,216.73,171.68,141.8,126.83,113.93,0.39,248.18,,,,,,,,,,,,,,,,,"
18/03/2025,"92.2,89.99,92.92,,90.34,97.3,113.66,141.9,136.68,106.52,73.7,31.13,2.67,3.41,3.11,7.29,73.55,106.06,147.68,170.91,165.65,143.65,124.91,118.93,104.1,2.67,170.91,,,,,,,,,,,,,,,,,"
17/03/2025,"82.98,83.24,80.96,,80.91,85.85,103.3,135.18,152.87,136.68,106.21,84.16,77.31,84.04,58.44,50.36,71.34,100.01,149.05,170.83,170,141.5,119.67,108.45,93.5,50.36,170.83,,,,,,,,,,,,,,,,,"
16/03/2025,"90.01,85.79,79.62,,78.18,78.6,80.51,85.14,82.07,77.95,68.26,31.25,12.2,7.84,5.16,9.48,31,72.78,119.66,132.97,140,126.33,108.87,102.06,82.14,5.16,140,,,,,,,,,,,,,,,,,"
15/03/2025,"112.15,103.14,96,,89.9,86.9,90.55,97.01,99.42,98.09,85.5,71.91,72.64,63.17,48,54.51,73.01,86.44,129.76,138.99,132.96,121.46,108.5,105.02,95.25,48,138.99,,,,,,,,,,,,,,,,,"
14/03/2025,"109.09,106,105.9,,103.83,105.3,114.14,143.02,155,153.59,131.12,110.51,105.68,104.12,104.18,107.37,110.58,127.01,142.04,152.23,150.74,130.01,111.39,114,105.17,103.83,155,,,,,,,,,,,,,,,,,"
13/03/2025,"108.39,102.03,98.25,,95.79,98.35,106.17,132.99,158.4,156.81,139.23,123.45,110.63,108.07,107.36,106.64,110.07,122.47,141.97,166.05,173.47,149,135.69,121.89,110.79,95.79,173.47,,,,,,,,,,,,,,,,,"
12/03/2025,"102,100.59,98.07,,98.27,103.2,112.5,140,156.08,146.18,125,102.39,99.53,98.06,99.58,101.68,118.89,137.77,151.28,192.47,179.16,147.8,132.2,120,109.91,98.06,192.47,,,,,,,,,,,,,,,,,"
11/03/2025,"105.69,103.21,100.49,,101.59,104.47,112.69,141.94,147.79,144.12,130,102.09,98.05,97.31,99.79,104.16,115.39,138.32,160.28,192.2,177.53,147.98,133.97,122.6,107.56,97.31,192.2,,,,,,,,,,,,,,,,,"
10/03/2025,"98.23,97,98.71,,98.82,98.01,110.28,149.9,158.34,133.96,98.99,92.14,82.54,76.02,77.32,84.84,100.13,131.91,145.57,172.9,159.25,141.13,128.06,107.59,98.55,76.02,172.9,,,,,,,,,,,,,,,,,"
09/03/2025,"103.6,100.61,100.32,,103.55,106.28,109.2,107.54,97.06,67.65,29.27,10.1,1.65,0.5,-0.42,0.7,17.39,96.25,133.96,140.93,139.07,131.49,124.3,114.41,108.73,-0.42,140.93,,,,,,,,,,,,,,,,,"
08/03/2025,"129.07,120.3,124.95,,121.91,124.09,129.93,131.41,122.1,98.04,72.54,18.05,2.23,0.68,0.02,0.07,59.68,109.68,156.16,190.73,160.56,130.07,114.53,109.13,107.99,0.02,190.73,,,,,,,,,,,,,,,,,"
07/03/2025,"101.19,99.85,97.47,,98.6,104.19,122.53,147.56,151.83,124.42,83.27,65.71,31.81,12.79,8.01,38.33,95.46,131.04,155.98,216.64,186.44,156.06,133.98,125.14,119.55,8.01,216.64,,,,,,,,,,,,,,,,,"
06/03/2025,"95.07,96.04,97.1,,99,105.89,118.36,150.13,153.99,108.5,79.65,57.39,5.22,1.38,0.65,13.16,73.46,122.52,161.08,171.1,154.96,133.96,129.69,114.58,108.07,0.65,171.1,,,,,,,,,,,,,,,,,"
05/03/2025,"113.98,105,103.61,,99.09,103.47,116.16,151.56,150.41,108.08,73.62,21.82,10.3,6.05,0.72,3.89,87.8,116.61,141.58,160.55,152.31,135.98,129.55,120.03,110.39,0.72,160.55,,,,,,,,,,,,,,,,,"
04/03/2025,"127.95,117.53,108.82,,107.78,109.45,135.69,161.3,172.68,141.95,115.55,95.27,115,35.88,28.32,66.58,97,135.59,160.63,202.12,170.59,149.92,134.44,130.32,121.23,28.32,202.12,,,,,,,,,,,,,,,,,"
03/03/2025,"114.22,108.26,106.75,,102.84,106.42,119.12,140.09,163,147.73,108.92,97.02,83.51,86.57,50.54,90.15,111.14,135.99,157.77,195.89,178.34,153.6,143.9,135.85,132.96,50.54,195.89,,,,,,,,,,,,,,,,,"
02/03/2025,"124.3,109.47,100.25,,94.9,97.08,97.33,101.66,106.84,104.41,89,68.3,49,27.5,20.1,59.24,78.43,100.03,132.53,146.77,148.55,136.4,124.8,121.58,113.57,20.1,148.55,,,,,,,,,,,,,,,,,"
01/03/2025,"128.95,120.77,117.29,,113.16,110.47,115.5,128.97,138.04,139.99,139.59,127.7,114.67,103.83,99.96,104.02,122.63,135.01,159.27,161.46,155.07,143,131.66,124.39,119.92,99.96,161.46,,,,,,,,,,,,,,,,,"
28/02/2025,"116.39,110.54,109.38,,107.09,112.7,115.91,139.69,155,160.99,147.55,129.49,117.7,110.3,110,112.6,127.07,140.75,155.1,161.65,163.7,149.42,138.18,130.39,120.91,107.09,163.7,,,,,,,,,,,,,,,,,"
27/02/2025,"106.1,103.81,103.05,,102.53,101.76,107.17,147.79,155.92,161.74,146.55,133.57,118.15,111.62,114.9,118.4,132.33,155,161.06,170.51,164.17,151.99,138.09,126.35,114.8,101.76,170.51,,,,,,,,,,,,,,,,,"
26/02/2025,"125.25,123.41,119.53,,119.22,119.6,122.37,157.96,187,174.91,156.45,146.65,133.3,121.9,123.46,131.31,144.57,163.97,162.29,174.68,170.06,155.99,130.14,128.69,115.34,115.34,187,,,,,,,,,,,,,,,,,"
25/02/2025,"113.72,109.39,109.03,,109.11,113.37,124.31,159.72,179.94,170.1,156,143.09,129.14,127.8,130.08,139.53,155.06,166.66,205.22,229.98,191.96,159.62,143.51,133.71,122.83,109.03,229.98,,,,,,,,,,,,,,,,,"
24/02/2025,"123.39,105.08,115.36,,110.01,107.2,133,148.5,181.87,162.06,155.59,134.77,114.27,103.73,104.43,112.99,140.05,157.92,171.5,200.1,198.18,157.9,137.2,133.39,117.82,103.73,200.1,,,,,,,,,,,,,,,,,"
23/02/2025,"109.12,105.53,101.37,,100.35,102.06,105.58,122.27,122.16,116.84,103.2,97.34,100.06,100.05,100.06,106.57,132.45,140.03,149.93,163.82,152.34,149.89,142.29,118.1,128.68,97.34,163.82,,,,,,,,,,,,,,,,,"
22/02/2025,"93.7,94.94,94.92,,94.99,94.98,94.96,127.17,123.18,91.78,70.83,59.15,57.15,53.36,56.35,68.26,98.98,133.42,145.02,142.52,145.22,134.01,123.01,116.44,118.5,53.36,145.22,,,,,,,,,,,,,,,,,"
21/02/2025,"100,105.01,102.07,,104.02,99.86,121.39,164.48,174.57,154.64,129.45,104.07,88.05,80.39,79.76,102.23,105.07,142.14,151.93,151.98,153.77,125,105.08,99.05,95.05,79.76,174.57,,,,,,,,,,,,,,,,,"
20/02/2025,"111.1,111.09,110.53,,107.93,115.07,142.01,165.9,184.18,158.4,120.89,111.04,91.33,93.05,99.9,115.09,142.91,159.43,201.24,198.75,189.9,159.49,148.22,123.43,111.73,91.33,201.24,,,,,,,,,,,,,,,,,"
19/02/2025,"116,115.08,115.02,,114.07,118.87,130.84,159.97,185.42,171.14,152.41,115.09,115.06,111.75,113.1,115.07,145.96,151.45,178.31,177.88,169.3,157.71,150.26,146.45,124.04,111.75,185.42,,,,,,,,,,,,,,,,,"
18/02/2025,"134.56,128.69,125.21,,119.81,120.71,134.27,194.47,279.87,193.8,160,135.36,123.55,116.19,124.83,139.32,150.97,149.95,243.1,209.96,219.91,172.19,158.67,146.93,123.44,116.19,279.87,,,,,,,,,,,,,,,,,"
17/02/2025,"129.82,121.06,120.34,,126.62,130.4,136.93,175.25,208.4,209.79,171.3,139.67,117.12,112.08,106.72,126.45,149.9,175.01,225.09,271,216.13,178.69,159.84,150.02,134.93,106.72,271,,,,,,,,,,,,,,,,,"
16/02/2025,"134.11,128.9,123.57,,119.9,119.57,120.46,121.47,130.07,134.69,134.72,134.91,136,131.17,134.4,136.08,136.1,150.08,171.45,173.98,169.93,160.14,152.65,142.32,131.51,119.57,173.98,,,,,,,,,,,,,,,,,"
15/02/2025,"136.01,131.04,120.5,,119.14,119.49,121.37,135.19,149.8,150.08,137.11,124.59,118.36,112.39,110.01,116.8,130.26,148.96,168,176.45,167.66,157.99,143.91,134.98,128.1,110.01,176.45,,,,,,,,,,,,,,,,,"
14/02/2025,"139.94,136.04,131.05,,131.03,131.06,140.48,163.91,221.88,261.24,214.01,179.85,165.01,150.41,150.01,157.99,170.98,190.02,282,281.98,222.79,183.55,163.59,153,140.03,131.03,282,,,,,,,,,,,,,,,,,"
13/02/2025,"152.11,146.98,148.61,,143.21,147.36,155.35,175,190.33,255.52,237.52,208.73,188.18,169.28,164.96,171.5,188.99,228.78,214.67,204.78,196.52,177.58,162.92,153.12,139.23,139.23,255.52,,,,,,,,,,,,,,,,,"
12/02/2025,"129.34,127.88,126.82,,126.59,128.74,134.26,159.98,173.11,180,174.92,164.95,155.31,146.35,149.11,156.51,168.1,185.24,202.67,213.18,197.43,198.34,164.59,159.65,149.43,126.59,213.18,,,,,,,,,,,,,,,,,"
11/02/2025,"111.58,107.02,112.04,,105.48,105.47,126.06,159.93,177.18,169.97,144.99,121.58,119.03,120,119.05,129.71,150.1,167.74,172.37,188.04,185.92,167.62,158.82,152.71,130.98,105.47,188.04,,,,,,,,,,,,,,,,,"
10/02/2025,"120.33,115.82,113.09,,108.83,108.45,118.05,156.5,173.8,181.36,163.18,159.91,150.96,143.93,123.34,133.26,158.71,163.95,166.33,172.75,167.36,155.01,140.87,144.26,118.36,108.45,181.36,,,,,,,,,,,,,,,,,"
09/02/2025,"135,140,119.36,,119.3,116.82,117,117,133.43,136.77,122.49,110.05,110.24,103.59,100.75,109.9,120.4,146.53,155.07,168.9,167,158.75,143.59,143,129.21,100.75,168.9,,,,,,,,,,,,,,,,,"
08/02/2025,"89.93,88.25,86.94,,89.18,89.69,90.99,94.63,103.96,112.81,100.08,96.52,89.62,88.98,90.8,95.05,118,145.51,156.39,160.52,157.48,152,149,141.51,131.91,86.94,160.52,,,,,,,,,,,,,,,,,"
07/02/2025,"126.05,112.7,108.82,,105,109,116.09,146.59,160.32,164.67,150.42,134.85,118.46,115.01,114.91,117.53,130.94,147.92,156.31,158.95,156.37,150.02,127.59,115.09,112,105,164.67,,,,,,,,,,,,,,,,,"
06/02/2025,"133.67,130.04,126.02,,125.01,125.01,133.86,154.19,180.09,218.62,178.87,159.95,150.09,144.93,141.8,140,150,165.2,177.04,175.38,170.1,152.56,139.15,137.01,121.95,121.95,218.62,,,,,,,,,,,,,,,,,"
05/02/2025,"117.27,112.09,111.18,,110.03,115.71,122.58,150.98,168.49,180.81,159.33,134.26,124.08,118.66,120.23,128.85,144.12,159.75,177.1,189.9,189.63,170,155.42,143.7,134.19,110.03,189.9,,,,,,,,,,,,,,,,,"
04/02/2025,"132.4,125.54,123.18,,123.99,123.25,127.63,155,190.66,211.99,163.31,136.53,126.85,118.23,113.19,120.09,145.59,164.99,176.33,175,171.74,162.05,133.99,132.19,125.52,113.19,211.99,,,,,,,,,,,,,,,,,"
03/02/2025,"129.54,126.63,124.72,,120.04,123.24,127.77,159.18,207.88,243.23,178.04,149.95,126.21,117.27,116.09,125.07,150.44,167.29,211.72,200.73,201.1,167.74,153,144.2,135.81,116.09,243.23,,,,,,,,,,,,,,,,,"
02/02/2025,"133.26,126.91,122.99,,120.66,122.34,123.41,128.09,135.9,137.3,137.7,130.04,129.33,122.24,111.88,116.94,130.09,154.66,166.21,171.98,173.95,165.5,155.77,148.44,133.24,111.88,173.95,,,,,,,,,,,,,,,,,"
01/02/2025,"138.25,130.41,125.01,,119.3,120.02,121.57,127.33,144.74,153.46,142.44,128.4,120.08,110.29,103.4,113.7,130.68,155.85,165.93,166.68,162.98,156.6,145.24,141.73,131.74,103.4,166.68,,,,,,,,,,,,,,,,,"
31/01/2025,"120,117.52,114.09,,114.57,117.4,121.8,143.53,160.09,163.7,154.82,130.1,126.2,120.06,121.19,120.02,153.81,167.18,180,184.48,178.99,162.66,152.7,148.58,133.24,114.09,184.48,,,,,,,,,,,,,,,,,"
30/01/2025,"103.96,103.08,100.06,,103.32,101.96,114.68,145.21,154.44,160.3,151.92,133.41,123.25,113.85,113.3,130,152.98,160.33,173.69,170.33,161.28,151.33,134.97,126.94,120.2,100.06,173.69,,,,,,,,,,,,,,,,,"
29/01/2025,"98.43,90.78,84.93,,92.1,92.03,111.57,142.91,149.29,146.71,138.08,112.48,94.63,86.49,86.79,99,131.61,146.28,156.17,155.36,152.01,141.35,129.31,120.09,101.8,84.93,156.17,,,,,,,,,,,,,,,,,"
28/01/2025,"93.37,82.01,94.9,,91.35,83.49,119.34,140,154.71,144.32,126.02,130.54,125.34,122.22,126.77,131.23,126.12,143.03,150.83,149.78,140.06,141.56,110.35,117.43,104.05,82.01,154.71,,,,,,,,,,,,,,,,,"
27/01/2025,"57.77,53.22,71.06,,27.43,39.91,79.07,114.61,142.93,148.78,147.29,120.08,115.17,77.99,126.87,147.29,156.5,150.04,153.08,149.55,146.21,133.29,114.58,109.74,104,27.43,156.5,,,,,,,,,,,,,,,,,"
26/01/2025,"131.59,120.24,118.03,,111.65,112.17,114.19,116.36,123.73,132.34,129.94,112.26,104.41,97.66,95.74,114.83,120.47,135.62,143.49,132.9,148.31,145,138,120.06,98.07,95.74,148.31,,,,,,,,,,,,,,,,,"
25/01/2025,"118.05,109.93,98,,89.4,94.24,107,118.05,141.7,120.1,118.02,104.48,89.69,91.01,89.26,102.92,117.95,145.38,152.96,155.47,152.84,144.99,141.87,137.08,125.1,89.26,155.47,,,,,,,,,,,,,,,,,"
24/01/2025,"110.05,115.09,120,,120,125.01,131.65,145.06,153.93,161.14,153.9,147.72,142.92,127.94,125.09,133.29,142.91,142.98,150.1,144.92,140.47,131.22,120,120,115.09,110.05,161.14,,,,,,,,,,,,,,,,,"
23/01/2025,"118.81,113.89,113.5,,112.72,115.28,126.84,145,166.62,166.86,165.1,157.94,157.09,151.91,144.94,151.9,158,162.54,165.1,155.11,151.53,148.94,126.39,125.07,123.04,112.72,166.86,,,,,,,,,,,,,,,,,"
22/01/2025,"131.31,125.97,125.08,,126,128.1,134.83,171.92,237.68,238.6,199.41,179.06,172.94,165,170,179.92,195.61,213.78,226.61,193.11,179.53,157,144.9,139.91,124.15,124.15,238.6,,,,,,,,,,,,,,,,,"
21/01/2025,"133.79,128.61,122.05,,119.54,122.39,136.02,160.38,229.21,297.28,233.84,213.59,178.9,168.89,159.15,172.71,232.88,213.71,297.38,250.37,202.09,174.29,154.93,140,129.13,119.54,297.38,,,,,,,,,,,,,,,,,"
20/01/2025,"122.47,119.81,116.61,,114.41,115.45,129.94,160.41,268.45,421.89,291.39,236.29,191.91,178.76,171.39,191.79,275.49,381.61,561.75,473.28,295.57,220,170,158.78,142.42,114.41,561.75,,,,,,,,,,,,,,,,,"
19/01/2025,"129.91,125,123.7,,121.24,120.18,120,121.69,124.08,123.67,126.3,126.41,124.03,112.25,107.51,116.81,127.3,145.83,156.72,163.36,161.46,155.77,147,134.67,124.07,107.51,163.36,,,,,,,,,,,,,,,,,"
18/01/2025,"126.23,121.23,121.42,,118.9,117.02,119.83,121.05,136.17,146,144.1,133.97,121.79,118.87,115.01,119.55,136.57,155.55,165.97,167.57,167.85,156.12,143.42,136.4,129.36,115.01,167.85,,,,,,,,,,,,,,,,,"
17/01/2025,"128.1,124.03,120.93,,119.1,119.04,125.54,140.8,175.01,208.13,175.34,158,140.73,126.44,124.03,133.58,151.98,167.94,178.28,179.92,174.22,157.91,145,139.97,128.11,119.04,208.13,,,,,,,,,,,,,,,,,"
16/01/2025,"126.14,120.7,119.16,,117.55,119.75,127.47,146.84,186.46,201.93,175,151.9,140.64,134.85,138.7,145.1,167.36,177.64,190.42,184.32,179.97,159.6,146.14,139.91,128.1,117.55,201.93,,,,,,,,,,,,,,,,,"
15/01/2025,"114.49,112.38,111.14,,108.81,112.85,121.94,141.16,193.67,306.83,309.12,297.91,296.1,287.16,284.01,278.42,292.16,312.18,355.28,311.09,261.79,180,149.94,139.81,123.9,108.81,355.28,,,,,,,,,,,,,,,,,"
14/01/2025,"109.69,106.62,102.3,,100.96,104.04,109.24,137.62,160.41,184.96,151.98,137.85,129.18,124.54,122.33,132.3,147.3,162.32,184.8,188.31,179.97,157.99,137.73,136.2,124.78,100.96,188.31,,,,,,,,,,,,,,,,,"
13/01/2025,"112.39,105.07,104.46,,100.37,100,110.19,139.99,177.25,217.72,171.92,140.71,121.1,114.62,119.01,123.89,141.91,147.96,151.69,152.52,145.66,134.19,123.82,118.83,107.19,100,217.72,,,,,,,,,,,,,,,,,"
12/01/2025,"95.08,89.02,88.69,,85.27,85,85.11,87.91,101.75,116.4,120.07,117.77,105.61,102.99,99.61,105.34,120.07,134.73,142.77,146.66,144.13,135.77,127.79,121.54,114.9,85,146.66,,,,,,,,,,,,,,,,,"
11/01/2025,"109.68,100.02,98.07,,98.02,96.05,98.07,98.02,105,112.07,108.22,105.08,99.86,96.86,93.15,98.08,105.04,115.1,123.63,126.82,120.1,117.26,109.97,107.12,105.05,93.15,126.82,,,,,,,,,,,,,,,,,"
10/01/2025,"87.15,80.39,76.62,,74.98,71.11,91.9,109.08,133.53,137.95,137.99,123.57,113.59,107.43,105.01,110.01,128.69,136.2,142.94,144.41,141.45,134.87,122.51,119.89,113.33,71.11,144.41,,,,,,,,,,,,,,,,,"
09/01/2025,"106.55,106.58,103.86,,102.61,107.12,110.07,122.06,142.11,155.15,147.98,140.1,132.75,123.17,117.76,120.49,132.99,140.1,133.12,136.7,133.78,125.25,110.03,102.23,89.81,89.81,155.15,,,,,,,,,,,,,,,,,"
08/01/2025,"84.74,84.87,87.45,,80,103.04,104.99,120.1,138.95,141.02,123.48,109.4,102.33,104.96,119.02,127.93,145.9,156.91,154.4,149.65,150.27,136.45,125.4,119.05,113.02,80,156.91,,,,,,,,,,,,,,,,,"
07/01/2025,"28.99,60.39,43.36,,12.21,75.67,79.95,119.02,132.13,122.62,132.95,123.87,135,135.12,133.91,144.21,155.61,144.98,135.61,135.56,139.01,125.21,111.66,104.04,98.72,12.21,155.61,,,,,,,,,,,,,,,,,"
06/01/2025,"113.92,102.8,80.49,,76.15,76.88,104.07,120.04,125.22,115,103.06,98.25,84.75,85.87,111.71,119.08,125.33,134.4,119.02,119.1,120,115.08,93.51,99.91,81.22,76.15,134.4,,,,,,,,,,,,,,,,,"
05/01/2025,"112.09,104.09,109.91,,109.96,118.07,121.43,125.57,132.45,127.21,128.51,127.88,141.38,132.97,137.7,144.56,155.01,151.9,144.94,134.31,132.64,118.07,118.02,105.31,89.46,89.46,155.01,,,,,,,,,,,,,,,,,"
04/01/2025,"106.36,102.21,100.78,,98.7,99.8,105.06,112,120.86,128.39,130.75,130.34,128.29,130.03,129.85,136.4,139.22,144.94,152.93,147.91,142.68,132.16,125.75,121.05,110.69,98.7,152.93,,,,,,,,,,,,,,,,,"
03/01/2025,"103.66,94.84,89.72,,87.54,85.43,91.47,110.01,127.4,131.6,132.5,121.45,111.12,108.25,106.79,110.28,129.8,129.76,134.16,136.06,134.96,133.2,120.06,118.37,113.41,85.43,136.06,,,,,,,,,,,,,,,,,"
02/01/2025,"105.02,92.94,95.01,,58.94,72.46,93.79,99.04,119.62,130.22,133.58,129.04,123.74,122.97,116.77,125.25,130.11,142.83,154.1,153.42,142.13,130.6,125.3,118.02,110.06,58.94,154.1,,,,,,,,,,,,,,,,,"
01/01/2025,"109,97.03,91.47,,72.87,77.42,95.01,95.08,101,101.03,109.03,101.08,95.04,89.62,78.55,101,101.01,104.84,105.04,101.04,101.07,101.05,88.51,101.05,90.99,72.87,109.03,,,,,,,,,,,,,,,,,"