# 04/09/2025 10:29:16 AM: Prices - EPEX Spot Market Auction - germany_luxembourg - Currency: EUR,__parsed_extra
Delivery day,"Hour 1,Hour 2,Hour 3A,Hour 3B,Hour 4,Hour 5,Hour 6,Hour 7,Hour 8,Hour 9,Hour 10,Hour 11,Hour 12,Hour 13,Hour 14,Hour 15,Hour 16,Hour 17,Hour 18,Hour 19,Hour 20,Hour 21,Hour 22,Hour 23,Hour 24,Minimum,Maximum,Middle-Night,Early Morning,Late Morning,Early Afternoon,Rush Hour,Off-Peak 2,Baseload,Peakload,Night,Off-Peak 1,Business,Offpeak,Morning,High Noon,Afternoon,Evening,Sunpeak"
05/09/2025,"95.25,86.1,85.26,,85.2,85.6,97.36,119.16,132.13,125.75,100.4,87.83,84.15,78.25,72.19,70.17,77.53,85,90.96,108.95,154.53,150.75,117.1,107.71,100.7,70.17,154.53,87.95,108.56,99.53,74.54,109.86,119.07,99.92,94.64,89.13,98.26,87.03,105.19,119.36,80.61,80.92,123.29,78.35"
04/09/2025,"21.65,17.7,17.87,,30.02,59.92,83.89,107.87,120,108.09,77.81,41.45,5.79,3.2,3.36,34.89,71,90.05,109.13,191.8,350,218.82,124.93,112.14,101.3,3.2,350,21.81,92.92,58.29,28.11,185.25,139.3,87.61,90.55,38.51,57.37,43.2,84.68,103.44,13.45,76.27,183.17,26.62"
03/09/2025,"97.25,90.74,85.95,,81.72,81.23,86.97,103.2,112.34,109.13,85.3,29.04,0.03,-0.1,-0.1,-0.28,0,3.89,63.46,102.35,110.92,104,94.17,80.68,54.25,-0.28,112.34,88.92,95.94,55.88,-0.12,70.16,83.28,65.67,41.97,87.31,92.43,27.88,89.38,102.49,7.22,16.77,91.06,4.77"
02/09/2025,"95.01,90.11,90.84,,92.5,94.8,106.85,134.39,153.67,147.48,121.05,102.14,84.66,78.94,79.73,78.54,84.37,95,108.97,173.16,311.51,263.79,140.92,110.47,91.21,78.54,311.51,92.12,122.43,113.83,80.4,172.16,151.6,122.09,122.13,95.02,107.27,97.11,122.05,139.15,86.37,91.72,181.84,84.73"
01/09/2025,"84.08,81.43,80.97,,80.03,81.37,92.58,120.43,125.67,116.1,98.19,82,69.4,38.27,25.03,42.73,67.76,84.67,109.7,155.32,250.65,210.56,125.2,112.4,100.53,25.03,250.65,81.63,105.01,91.42,43.45,150.09,137.17,101.46,94.99,83.41,93.32,67.44,107.94,115.1,53.68,76.22,159.11,54.2"
31/08/2025,"88.74,78.91,70.53,,67.02,63.79,64.56,65,62.13,22.3,5.2,-0.01,-0.02,-0.11,-1,-0.61,0,25.47,79.74,117.59,135.1,132.07,114.15,102.63,89.76,-1,135.1,76.3,63.87,6.87,-0.43,89.48,109.65,57.62,31.97,72.26,70.09,3.22,83.27,38.66,-0.29,26.15,115.22,-0.29"
30/08/2025,"92.5,86.56,83.3,,81.51,83.39,87.72,95.02,98.09,89.64,78.6,36.46,5.23,0,-0.01,-0.01,-0.38,9.48,81.1,103.9,127.07,129.98,120.39,104.94,90.3,-0.38,129.98,85.97,91.06,52.48,-0.1,80.39,111.4,70.2,44.26,85.83,88.51,26.19,96.14,90.34,10.42,22.55,112.76,6.88"
29/08/2025,"85.04,83.27,83.1,,81.59,83.01,91,117.55,121.39,120,110.36,84.25,78.08,67.44,53.96,59.64,73.06,85,104.82,118.51,147.68,116.5,111.96,95.7,86.07,53.96,147.68,83.25,103.24,98.17,63.53,114,102.56,94.12,91.9,84.5,93.24,80.85,96.35,117.33,70.93,80.63,112.74,69.41"
28/08/2025,"97.15,91.92,87.89,,87.09,90.23,98.72,121.63,143.79,143.95,121.84,112.27,108.13,100.89,100.96,100.89,100.66,96.1,129.84,160.85,210,153.16,124.18,107.11,92.15,87.09,210,91.01,113.59,121.55,100.85,149.2,119.15,115.89,123.87,92.17,102.3,111.2,107.92,132.8,105.56,106.87,141.24,103.97"
27/08/2025,"96.59,89.98,86.52,,87.25,90,97.73,110,115.19,113.64,101.63,86,79.29,64.38,50.68,50.94,76.18,85.1,104.94,134.63,222.07,222.04,128.87,113.63,103.57,50.68,222.07,90.09,103.23,95.14,60.55,136.69,142.03,104.62,97.46,91.35,96.66,77.84,111.78,110.12,70.09,79.29,154.14,67.91"
26/08/2025,"105.8,100.44,96.58,,94.79,96.27,106.6,124.59,123.45,106.79,90,77.47,61.6,41.95,26.28,38.05,72.39,88.26,105.05,131.09,196.88,180.17,123.3,109.47,97.67,26.28,196.88,99.4,112.73,83.97,44.67,130.32,127.65,99.79,86.32,100.08,106.07,64.32,113.26,111.21,51.83,75.94,139.76,52.96"
25/08/2025,"95.28,87.03,84.02,,82.9,83.46,102.46,115.38,125,110.04,91.97,72.98,35.02,10,5.93,6.78,25.2,56.43,86.67,111.54,159.03,232.82,138.04,115.04,105.15,5.93,232.82,87.31,106.58,77.5,11.98,103.42,147.76,89.09,64.3,89.19,96.94,44.74,113.88,110.6,30.98,43.77,143.6,25.99"
24/08/2025,"100.5,95.13,94.41,,92.13,91.2,90.97,90,85.01,72.84,4.8,-0.01,-0.07,-1.98,-7.45,-7.4,-0.1,0,63.36,99.81,110.5,117.31,114.32,107.5,100.52,-7.45,117.31,95.54,89.3,19.39,-4.23,68.42,109.91,63.05,27.86,94.06,92.42,7.58,98.25,63.16,-2.38,13.97,108.33,-2.84"
23/08/2025,"95.33,89.32,87.76,,85.21,85.56,85.6,86.67,86.78,83.57,62.9,14.69,3.29,1.32,0.06,0.07,3.52,12.1,72.19,100.31,112.22,123.67,120.43,111.16,105.28,0.06,123.67,89.41,86.15,41.11,1.24,74.21,115.14,67.88,38.85,88.13,87.78,21.18,96.9,79.98,4.84,21.97,112.18,3.83"
22/08/2025,"89.27,81.99,78.59,,77.52,77.65,87.9,105.76,107.45,102.32,90.02,72.44,42.5,14.07,3.84,0.02,4.01,40.64,73.14,95.17,106.07,113,107.63,103.09,94.37,0.02,113,81.84,94.69,76.82,5.49,78.76,104.52,73.69,53.69,82.15,88.27,41.15,93.69,101.39,33.21,29.45,103.22,22.81"
21/08/2025,"96.11,90.73,87.52,,90.88,92.37,108.59,115.6,116.89,107.79,97.32,85.85,77.64,69.49,66.09,56.26,68.2,72.39,92.88,103.2,106.39,110.73,110.73,105,95.78,56.26,116.89,91.31,108.36,92.15,65.01,93.72,105.56,92.68,83.63,94.37,99.84,78.58,101.74,109.4,74.77,72.43,105.31,70.59"
20/08/2025,"97.7,93.18,87.64,,85.78,89.66,98.8,108.84,110.12,103.91,90.05,80.98,69.06,49.07,35,42.03,73.02,81.45,101.69,109.16,135.15,126.11,114.95,103.49,97.34,35,135.15,91.08,101.86,86,49.78,106.86,110.47,91.01,80.88,92.13,96.47,67.89,101.13,103.23,58.53,74.55,114.37,58.19"
19/08/2025,"101.01,94.82,88.2,,86.37,90.09,102.5,111.1,109.95,98.05,88.57,69.64,43.23,22.85,8.97,15.26,30.89,60.6,91.48,101.91,120.51,128.62,111.06,104.41,97.2,8.97,128.62,92.6,103.41,74.87,19.49,93.63,110.32,82.39,62.66,93.83,98.01,47.18,102.11,101.92,36.17,49.56,110.62,31.81"
18/08/2025,"91.99,87.13,84.33,,83.85,89.46,99.27,118.51,130.13,109.87,88.84,72.06,45.93,20.04,14.23,18.34,54.56,70.94,90.32,109.87,185.5,197.42,124.67,107.49,102,14.23,197.42,86.83,109.34,79.18,26.79,114.16,132.9,91.53,73.38,89.34,98.08,52.98,109.69,111.84,38.07,58.54,137.83,37.53"
17/08/2025,"91.28,85.34,86.86,,86.63,87.73,89.93,89.89,81.03,76.24,32.59,9.96,0.1,-0.2,-0.93,-1.25,0.65,13.81,72.4,96.69,110,110.66,110.14,105.1,102.54,-1.25,110.66,87.53,87.15,29.72,-0.43,73.23,107.11,64.05,34.17,87.96,87.34,14.65,93.93,69.94,2.23,21.4,105.86,1.39"
16/08/2025,"96.11,90.92,89.78,,85.35,84.05,87.09,91.01,90.02,80.99,67.94,25.12,3.8,0.17,-0.01,-0.01,-0.01,0.71,16.21,69.92,95,102.62,100.61,95,90,-0.01,102.62,90.54,88.04,44.46,0.04,45.46,97.06,60.93,29.99,88.88,89.29,22.25,91.88,82.49,7.27,4.23,92.19,4.84"
15/08/2025,"99.59,98.97,93.9,,90.33,92,96.91,101.66,101.31,96.6,83.47,43.9,3,0.08,0,0,1.72,27.66,77.96,105.89,114.38,124.01,111.5,105.94,95.96,0,124.01,95.7,97.97,56.74,0.45,81.47,109.35,73.61,46.22,95.28,96.83,28.6,101.01,95.76,11.75,26.84,109.61,8.12"
14/08/2025,"98.1,92,88.45,,88.2,88.53,97.52,107.94,109.92,99.51,91.1,81.26,67.57,54.09,41.02,54.9,69.43,78.99,97.22,115.54,233.8,283.89,155.84,120.71,105.95,41.02,283.89,91.69,100.98,84.86,54.86,131.39,166.6,105.06,90.37,92.13,96.33,69.86,119.75,102.12,60.99,75.14,169.29,61.38"
13/08/2025,"95.72,90,86.89,,84.71,87.07,93.3,108.87,107.52,105.87,93.6,89.26,68.2,44.29,27.89,41.66,70.9,84.3,96.64,115.34,193.3,226.64,154.52,123.21,106.27,27.89,226.64,89.33,99.19,89.23,46.19,122.4,152.66,99.83,85.94,89.62,94.26,67.71,113.73,103.97,57.41,73.38,153.21,57.03"
12/08/2025,"93,89.67,85.41,,85.13,86.48,93.97,106.91,104.63,98.71,92.49,79.53,40.41,8.38,3,5.15,35.05,73.12,94.06,106.1,149.31,156.16,140.4,114.07,97.73,3,156.16,88.3,98,77.79,12.9,105.65,127.09,84.95,65.44,88.94,93.15,45.34,104.46,100.69,32.83,51.85,127.3,28.59"
11/08/2025,"99.82,91.97,87.44,,85.19,92.85,103.51,129.22,133.49,105.35,90.75,50,2.54,0,0,0,9,56.14,92.25,108.26,154,191.95,138.88,108.87,96,0,191.95,91.11,114.77,62.16,2.25,102.66,133.93,84.48,55.69,93.46,102.94,32.21,113.27,114.7,13.14,39.35,132.99,10.26"
10/08/2025,"84.79,83.23,83.1,,77.95,80.68,83.69,82.27,74.7,26.36,-0.01,-3.11,-15.6,-40.03,-61.08,-50.94,-22.12,-1.21,2.13,82.64,108.55,118.95,122.45,106.98,98.9,-61.08,122.45,82.27,80.34,1.91,-43.54,48.03,111.82,46.8,2.13,82.24,81.3,-20.82,91.47,45.83,-29.96,-18.04,106.41,-32.15"
09/08/2025,"101.93,100.43,99.94,,97.8,96.87,97.01,97.26,93.45,70.19,15.34,-0.02,-1,-6.63,-15.14,-15.37,-4.1,-0.04,6.29,85.9,104.2,127.62,119.31,107.89,94.97,-15.37,127.62,100.03,96.15,21.13,-10.31,49.09,112.45,61.42,19.97,99,98.09,5.41,102.87,69.06,-5.7,-3.31,106.65,-7.04"
08/08/2025,"93.9,89.49,86.13,,82.66,81.45,91.14,100.43,103.05,109.14,89.9,66,8.39,0,-0.01,-0.02,-0.01,10.49,71.74,103.86,113.97,144.62,151.51,121.59,108.46,-0.02,151.51,88.05,94.02,68.36,-0.01,75.02,131.55,76.16,47.79,87.46,91.03,34.17,104.54,100.63,18.6,20.55,124,12.39"
07/08/2025,"97.58,97.04,91.44,,88.79,88.93,92.85,107.46,106.5,100.48,77.63,22.23,0,-0.12,-1.99,-0.29,-0.01,2,65.59,94.23,111.95,141.94,127.5,110,101.28,-1.99,141.94,93.71,98.94,50.09,-0.6,68.44,120.18,71.79,39.31,92.77,96.32,24.74,104.28,98.02,5.03,16.82,114.48,3.3"
06/08/2025,"75.13,59.89,60.76,,61.01,60.35,81.7,103.77,102.94,83.94,27.74,-0.01,-2.05,-8.47,-11.79,-6,-3.11,-1.01,52.15,97.19,113.7,170.16,157.08,110,101.6,-11.79,170.16,64.2,87.19,27.41,-7.34,65.51,134.71,61.94,28.52,66.47,75.69,10.03,95.37,79.6,-5.58,10.51,124.96,-5.24"
05/08/2025,"21.52,15.34,15.9,,23.96,54.47,76.19,92.25,92.08,74.74,3.89,-0.21,-2.01,-4.94,-9.5,-11.83,-9.92,-5.07,-0.52,1.07,72.48,89.97,107.15,87.18,81,-11.83,107.15,19.18,78.75,19.1,-9.05,16.99,91.33,36.05,9.02,34.56,48.96,5.03,63.08,65.74,-4.17,-6.84,73.14,-6.4"
04/08/2025,"81.05,70.07,69.97,,70.62,74.03,82.94,95.12,102.72,101.44,97.05,80.05,56.33,14.84,4.05,0.66,0.02,22.09,67.24,80.91,84.54,80.21,72.7,66.63,47.69,0.02,102.72,72.93,88.7,83.72,4.89,63.7,66.81,63.46,50.77,74.78,80.82,44.31,76.15,99.08,38.82,22.5,72.11,25.99"
03/08/2025,"85.09,77.52,71.95,,68.14,65.77,59.98,46.8,26,6.16,0,-1.01,-2.1,-3,-9.9,-10.08,-4.98,-1.5,3.61,71.13,88.13,97.87,95.99,97.3,85.09,-10.08,97.87,75.68,49.64,0.76,-6.99,40.34,94.06,42.25,11.37,71.41,62.66,-3.11,73.13,19.74,-4,-3.24,89.25,-5.18"
02/08/2025,"104.47,100.32,97.79,,92.16,91.29,90.77,89.67,84.7,78.4,65.68,31.09,5.68,2.95,0,0,0,5.3,60.69,91.32,102,109.49,108.42,104.34,95,0,109.49,98.69,89.11,45.21,0.74,64.83,104.31,67.15,36.93,96.13,93.9,22.98,97.37,79.61,9.93,16.5,101.76,6.62"
01/08/2025,"105.31,98.54,92.15,,89.17,94.21,100.58,106.69,110.71,106.64,103.67,97.95,84.1,77.05,61.97,49.06,49.1,69.93,83.59,96.45,109.51,119.23,117.51,110.72,102.73,49.06,119.23,96.29,103.05,98.09,59.3,89.87,112.55,93.19,82.42,96.66,99.67,78.69,103.96,106.93,80.27,62.92,109.36,69.87"
31/07/2025,"88.93,82.11,79,,77.27,78.51,85.43,98.14,100.46,94.09,88.91,74.17,70.04,61.15,48.05,35.06,55.07,72.43,84.56,96.9,111.92,128.27,125.11,114.16,102.79,35.06,128.27,81.83,90.64,81.8,49.83,91.45,117.58,85.52,74.36,81.88,86.23,65.82,96.68,95.4,63.35,61.78,113.19,57.26"
30/07/2025,"94.92,90.88,86.93,,83.24,84.89,94.72,100.38,97.47,93.88,79.02,63.29,40.43,24.79,17.69,10.7,28.03,45.61,75.68,93.97,101.86,109.07,109,104,92.41,10.7,109.07,88.99,94.37,69.16,20.3,79.28,103.62,75.95,56.25,89.26,91.68,44.73,95.66,92.69,36.55,40.01,101.72,30.82"
29/07/2025,"87.51,84.1,82.9,,82.1,83.89,92.88,101.07,109.25,99.02,80.2,66.37,54,25.6,4.34,1.07,6.2,44.41,78.24,94.81,105.32,123.56,126.01,111.94,102.07,1.07,126.01,84.15,96.77,74.9,9.3,80.7,115.9,76.95,54.97,85.56,90.46,42.1,98.94,97.39,37.58,32.48,110.62,26.26"
28/07/2025,"100,88.77,83.5,,79.67,79.51,89.52,108.88,121.97,118.37,105.45,97.25,90.96,81.79,77.52,68.33,73.97,77.28,88.12,97.2,103.59,114.14,114.34,105.26,92.43,68.33,121.97,87.99,99.97,103.01,75.4,91.55,106.54,94.08,89.99,86.83,93.98,89.21,98.17,113.67,86.88,76.93,104.49,81.64"
27/07/2025,"104.64,99.47,95.01,,92.07,91.99,89.88,88.79,86.58,83.76,81.71,75.91,70.52,45.93,15.04,8.85,17.3,45.74,82.36,95.66,102.47,107.95,114.71,107.33,102.69,8.85,114.71,97.8,89.31,77.98,21.78,81.56,108.17,79.43,60.44,95.51,93.55,49.88,98.43,85.21,51.85,38.56,105.14,38.93"
26/07/2025,"106.76,100.7,97.73,,96.65,96.45,94.89,97.13,96.1,87.96,85.85,79.59,75.2,66.42,49.87,50.09,68.07,74.81,84.2,98.2,106.6,121.95,127.07,116.72,108.8,49.87,127.07,100.46,96.14,82.15,58.61,90.95,118.64,91.16,77.24,98.86,98.3,70.38,105.08,91.76,67.77,69.29,113.22,64.87"
25/07/2025,"111.27,103.67,97.05,,92.94,96.97,98.2,108.87,112.95,110.85,98.2,94.08,85.15,83.09,78.7,76.31,79.27,81.09,84.02,90.45,101.81,109.28,121.21,112.6,110.25,76.31,121.21,101.23,104.25,97.07,79.34,89.34,113.34,97.43,88.59,100.02,102.74,88.21,106.27,107.72,85.26,80.17,107.6,82.77"
24/07/2025,"97.82,94.08,89.29,,89.29,93.45,102.65,112.05,117.22,110.4,96.22,89.17,84.39,82.17,80.43,82.05,84.77,93.34,100.6,109.2,130,154.16,140.64,118.38,109.39,80.43,154.16,92.62,106.34,95.05,82.36,108.29,130.64,102.55,95.23,94.43,99.48,88.7,109.87,108.97,84.04,90.19,126.96,83.83"
23/07/2025,"87.65,79.47,78.5,,76.04,77.69,80.64,91.35,99.87,96.5,81.69,67.3,53.5,33.72,23.73,26.82,40.3,67.81,78.05,86.07,105,112.98,119.74,110.54,103.06,23.73,119.74,80.42,87.39,74.75,31.14,84.23,111.58,78.25,63.37,80,83.9,52.95,93.13,92.35,44.56,53.25,106.23,40.9"
22/07/2025,"92.79,87.2,85.48,,82,81,89.28,108.8,109.28,102.49,91.29,81.73,68.41,39.63,10,0.17,4.16,36.9,75.79,88.98,108.57,112.56,113.22,108.48,102.93,0.17,113.22,86.87,97.09,85.98,13.49,77.56,109.3,78.38,59.01,86.29,91.98,49.74,97.75,102.97,49.94,29.26,105.79,34.02"
21/07/2025,"87.08,79.73,83.48,,83.3,83.49,96.22,113.96,126.56,123.91,109.64,105.99,98.88,84.9,81.73,85.79,87.96,90.95,104.3,105.82,119.69,123.25,120.09,108.76,100.04,79.73,126.56,83.4,105.06,109.61,85.1,105.19,113.04,100.23,99.96,85.55,94.23,97.35,100.5,118.52,92.88,92.25,112.94,90.88"
20/07/2025,"91.29,88.94,89.27,,100.41,101.7,98.27,97.2,80.59,77.86,44.58,9.04,2.07,0,-0.01,0,9.09,69.33,92.74,100.26,112,116,115.01,114.85,105.05,-0.01,116,92.48,94.44,33.39,2.27,93.58,112.73,71.48,43.08,94.98,93.46,17.83,99.88,75.06,2.78,42.79,110.53,3.37"
19/07/2025,"107.6,105.35,103.19,,101.63,98.38,93.69,98.39,86.89,78.89,52.98,10,0.65,0,-0.01,0,2.08,29.33,76.85,98.4,114.47,112.87,108.08,105.63,98.07,-0.01,114.47,104.44,94.34,35.63,0.52,79.76,106.16,70.14,38.64,101.64,99.39,18.07,101.65,79.29,2.66,27.07,106.25,2.12"
18/07/2025,"106.8,99.15,95.36,,96.37,98.66,108.23,115.92,116.17,109.39,98.13,84.98,82.02,80,73.02,71.2,72.68,79.99,84.07,99.92,120,146.55,144.44,125.88,113.48,71.2,146.55,99.42,109.75,93.63,74.23,96,132.59,100.93,87.95,100.76,104.58,83.93,113.92,109.9,80.01,76.99,125.05,77.32"
17/07/2025,"103.76,98.33,89.96,,84.81,85.76,89,104.05,110.33,105.92,93.1,85,77.07,70.17,55.26,49.78,66.18,74.79,82.71,94.98,109.73,120.75,132,125.07,114.18,49.78,132,94.22,97.29,90.27,60.35,90.55,123,92.61,80.39,91.94,95.75,75.31,104.83,103.35,71.88,68.37,116.12,67.24"
16/07/2025,"97.63,93.99,86.67,,83.43,84.26,90.41,105.74,112.63,111.92,104.21,89.8,85.65,81.96,78.62,68.06,69.2,80.86,89.09,95.49,108.37,119.72,129.04,120.71,110.55,68.06,129.04,90.43,98.26,97.9,74.46,93.45,120.01,95.75,88.6,89.4,94.35,86.18,102.9,108.63,84.01,76.8,113.98,78.88"
15/07/2025,"106.1,103.06,93.86,,88.28,87.12,93,110.33,113.41,106.86,90.82,77.67,65,59.19,47.26,40.2,42.57,65,84.87,101.54,108.15,119.78,141.99,121.28,112.45,40.2,141.99,97.83,100.97,85.09,47.31,89.89,123.88,90.82,74.09,95.24,99.4,66.2,107.56,105.36,62.28,58.16,117.53,55.32"
14/07/2025,"114.02,104.01,98.17,,94.94,99.32,108.93,117.87,121.62,112.06,92.43,84.58,79.67,70.98,64.17,57.15,55.82,71.1,84.58,98.94,110.11,139.99,141.57,126.14,115.15,55.82,141.57,102.79,111.94,92.19,62.03,91.18,130.71,98.47,81.8,103.23,107.36,77.11,115.14,111,74.85,67.16,121.98,68.73"
13/07/2025,"115.35,109.14,108.42,,107.35,104.64,100.85,95.8,92.18,87.94,57.62,4.28,0.05,0,0,0,0,2.36,73.4,100.61,113.74,120,127.7,126.94,115.41,0,127.7,110.07,98.37,37.47,0,72.53,122.51,73.49,36.67,107.63,104.22,18.74,110.32,83.39,1.08,18.94,117.4,0.72"
12/07/2025,"112.23,104.57,103.68,,97.4,93.33,89.94,85.27,87.98,83.8,59.86,18.19,3,0.22,0,0,0.22,19.73,73.89,106.2,109.2,120,125.02,125,115.42,0,125.02,104.47,89.13,41.21,0.11,77.26,121.36,72.26,39.53,100.19,96.8,20.66,104.99,79.23,5.35,23.46,116.81,3.61"
11/07/2025,"104.75,99.57,95,,90.69,91.53,99.4,107.41,105.92,105.18,93.3,82.9,73.15,63.82,42.16,32.04,38.1,59.55,83.15,86.44,101.93,117.5,118.08,113.8,103.82,32.04,118.08,97.5,101.07,88.63,44.03,82.77,113.3,87.88,71.81,96.82,99.28,66.33,103.96,102.95,65.51,53.21,106.93,55.36"
10/07/2025,"100.91,95.73,89.1,,86.45,87.97,98.62,107.61,107.23,105.35,88.9,82,65.33,45.22,39.51,39.55,56.71,76.8,86.4,100.2,114.39,134.67,132.7,120.88,107.69,39.51,134.67,93.05,100.36,85.4,45.25,94.45,123.99,90.41,75.03,93.13,96.7,65.32,105.8,102.27,58.02,64.87,118.42,54.72"
09/07/2025,"97.15,86.85,83.86,,84.65,85.1,96.15,113.66,116.46,113.59,95.66,84.68,77.77,65.67,46.69,37.78,48.32,71.13,84.73,99.01,115.98,135.34,138.24,119.79,104.9,37.78,138.24,88.13,102.84,92.93,49.62,92.71,124.57,91.8,78.42,88.96,95.49,71.27,105.18,109.84,68.7,60.49,118.88,60.15"
08/07/2025,"103.83,92.9,86.13,,84.78,85.37,91.14,107.99,118.65,117.76,94.06,81.78,78.44,60.15,54.72,53.04,54.65,65.2,79.98,83.92,102.1,122.77,123.34,116.65,100.95,53.04,123.34,91.91,100.79,93.01,55.64,82.8,115.93,90.01,77.15,90.69,96.35,74.33,102.88,109.62,68.77,63.22,108.29,63.8"
07/07/2025,"118.84,107.42,101.92,,99.12,101,108.22,134.2,143.67,152.29,131.99,108.64,108.98,90.24,71,53.02,50.67,52.51,72.3,87.95,92.27,97.28,109.92,110.09,95.82,50.67,152.29,106.83,121.77,125.48,66.23,76.26,103.28,99.97,89.32,106.09,114.3,95.85,110.63,140.54,94.72,57.13,98.89,80.43"
06/07/2025,"95.15,89.5,85.94,,83.95,82.6,82,78.46,77.57,70.57,38.81,19.21,13.19,10.26,5.85,11.2,50.57,70.77,100.29,107.37,112.16,120.32,125.04,122.21,110.78,5.85,125.04,88.64,80.16,35.45,19.47,97.65,119.59,73.49,50.85,86.52,84.4,27.46,96.13,66.35,12.13,58.21,116.31,18.38"
05/07/2025,"104.2,94.98,96.5,,93.4,94.5,83.49,84.47,43.77,17.86,3.34,0,-0.08,-1.01,-2.05,-2.11,-2.01,-2.26,0,41.25,85,111.01,122.96,117.14,108.21,-2.26,122.96,97.27,76.56,5.28,-1.8,31,114.83,53.86,11.49,94.51,86.91,1.74,96.22,37.36,-0.79,-1.6,97.6,-1.21"
04/07/2025,"111.01,105.45,101.31,,98.44,103.2,106.63,122.38,116.46,100,91.15,70.01,6.69,-0.05,-1.56,-1.37,-0.61,2.39,62.04,88.68,110,130.74,150.1,129.68,107.99,-1.56,150.1,104.05,112.17,66.96,-0.9,65.78,129.63,79.62,43.95,104.34,108.11,33.03,115.28,107.5,18.77,15.61,119.53,12.19"
03/07/2025,"83.49,81.15,79,,78.93,80.88,86.45,104.92,108.03,104.9,90.45,75.06,57.35,42.16,33.91,24.72,37.86,58.57,81,95.19,107.2,146.96,166.67,133.3,117.03,24.72,166.67,80.64,95.07,81.94,34.66,85.49,140.99,86.47,67.36,81.65,87.86,58.3,105.57,102.08,52.12,50.54,127.73,45.18"
02/07/2025,"119.29,102.7,92.54,,92.08,91.71,100.55,116.43,110.42,104.52,92.62,81.06,69.93,36.12,32.59,46.61,71.49,79.6,89.27,113.99,186.01,240.07,180.21,134.93,108.5,32.59,240.07,101.65,104.78,87.03,46.7,117.22,165.93,103.89,83.65,99.81,103.22,66.87,124.12,106,54.93,71.74,160.62,56.3"
01/07/2025,"111.28,95.29,89.1,,88.08,90.01,96.5,114.97,120.11,114.72,91.19,84.31,69.56,44.54,42.47,57.65,78.14,90.8,102.02,152.08,307.27,476.19,406.81,250.01,147.65,42.47,476.19,95.94,105.4,89.95,55.7,163.04,320.17,138.36,102.9,95.04,100.67,72.82,173.83,110.25,60.22,82.15,290,62.78"
30/06/2025,"98.73,89.03,85.03,,84.13,86.51,97.41,114.9,111.7,108.52,91.77,74.65,43.73,19.05,9.96,19.65,60,80.5,91.98,110.01,178.94,288.97,233.35,157,122.65,9.96,288.97,89.23,102.63,79.67,27.17,115.36,200.49,102.42,74.06,90.14,95.93,53.42,130.78,106.72,36.85,63.03,181.82,37.84"
29/06/2025,"95.07,89.42,89.66,,86.82,85.31,85.3,86.39,74.92,47.52,1.99,0,-0.26,-5.4,-20.1,-24.01,-15.45,-2.69,0.01,77.44,102.14,111.98,118.07,113.73,101,-24.01,118.07,90.24,82.98,12.31,-16.24,44.23,111.2,54.12,13.43,88.6,86.61,-1.96,94.81,52.71,-6.44,-10.54,104.06,-10.87"
28/06/2025,"94.7,89.61,82.02,,76.59,70.27,75.4,74,58.84,27.8,2.34,0.01,-0.04,-1,-2.01,-3.09,-1.01,-1,2.97,62.73,95.03,108.99,123.86,119.84,103.5,-3.09,123.86,85.73,69.63,7.53,-1.78,39.93,114.05,52.51,15.23,81.43,77.68,2.88,89.8,40.75,-0.76,-0.53,102.33,-1.19"
27/06/2025,"84.5,78.83,75.67,,80.41,82.39,88.9,105.58,113.2,107.7,90.94,79.12,67.45,54.53,28.3,7.87,9.88,29.92,70.68,91.73,107.15,124.86,134.94,126.24,107.7,7.87,134.94,79.85,97.52,86.3,25.15,74.87,123.44,81.19,62.11,81.78,88.69,55.72,100.27,104.36,57.35,29.59,115.44,41.19"
26/06/2025,"119.95,107.63,102.83,,98.62,98.79,102.91,119.9,120.91,106.79,96.45,88.95,77.88,70.25,59.25,51.12,48.99,63.04,70.3,89.23,93.95,99.14,100,108.64,97.23,48.99,120.91,107.26,110.63,92.52,57.4,79.13,101.25,91.36,76.35,105.12,108.94,74.96,106.38,111.01,74.08,58.36,98.03,66.07"
25/06/2025,"78.85,67.63,70.02,,69.07,70.01,82.77,105.72,112.36,97.87,70.02,10.07,0.07,-0.02,-0.14,-0.51,0,17.84,84.47,105.8,134.19,200,247.02,173.62,126.84,-0.51,247.02,71.39,92.72,44.51,-0.17,85.58,186.87,80.15,43.31,73.06,82.05,22.17,116.99,96.49,2.5,25.45,164.58,1.58"
24/06/2025,"77.08,66.79,63.79,,58.12,66.52,69.75,88.15,88.02,41.27,-0.01,-4.01,-12.41,-20.09,-22.75,-19.27,-7.56,-3.06,2.09,61.77,97.25,123.9,122.49,97.41,98.02,-22.75,123.9,66.45,78.11,6.21,-17.42,39.51,110.46,47.22,9.44,67.01,72.28,-5.6,85,54.36,-14.82,-6.95,100.14,-14.35"
23/06/2025,"70.3,63.8,63.79,,64.51,72.5,84.92,89.12,92.24,78.96,18.64,-0.01,-6.11,-12.76,-26.45,-32.75,-32.69,-25,-13.11,-1.01,20,83.5,90,97.78,89.53,-32.75,97.78,65.6,84.7,22.87,-26.16,-4.78,90.2,38.74,-2.69,69.97,75.15,-1.65,80.17,69.74,-11.33,-25.89,63.3,-18.46"
22/06/2025,"108.15,101.07,97.46,,92.12,89.69,87.95,71.98,26.44,0,-0.09,-11.11,-38.56,-67.41,-99.01,-81,-40.09,-7.68,-0.01,69.75,109.33,123.9,134.33,126.32,101.63,-99.01,134.33,99.7,69.02,-12.44,-71.88,42.85,121.55,41.47,-13.82,96.07,84.36,-42.16,96.75,24.58,-54.02,-32.2,110.88,-56.2"
21/06/2025,"118.52,110.48,108.15,,106.76,109.1,104.45,100.71,90.74,75.93,23.4,0.19,-2.01,-13.96,-29.98,-26.31,-4.42,0.09,59.99,100.95,127.9,156.74,165.3,140.78,119.2,-29.98,165.3,110.98,101.25,24.38,-18.67,72.23,145.51,72.61,25.98,109.58,106.11,2.86,119.24,72.7,-11.44,7.34,135.15,-12.75"
20/06/2025,"109.49,104.57,103.24,,105.01,104.27,109.04,120.9,118.66,110.98,81.69,15.83,4.03,0,-1,-0.17,0.91,28.99,87.35,111.01,136.13,201.29,178.63,137.05,121.38,-1,201.29,105.58,113.22,53.13,-0.07,90.87,159.59,87.05,47.98,105.94,109.4,26.53,126.13,108.06,4.72,29.27,147.58,3.27"
19/06/2025,"112.2,106.4,105.29,,99.51,100.94,95.68,101.51,89.25,71.25,0.86,-1.33,-29.98,-52.21,-65.44,-64.95,-39.79,-4.95,2.3,80.33,118.47,138.85,141.8,129.66,108.89,-65.44,141.8,105.85,96.85,10.2,-55.6,49.04,129.8,56.02,1.21,103.34,101.35,-22.7,110.83,65.72,-37.24,-26.85,119.67,-42.28"
18/06/2025,"113,106.8,101.5,,95.84,97.01,103.57,112.35,114.9,111.39,78.97,21.77,1.17,-0.23,-1.04,-2.3,-2.17,0.99,74,107.15,116.4,140.99,175.32,133.06,115.35,-2.3,175.32,104.29,106.96,53.33,-1.44,74.64,141.18,79.82,42.18,102.95,105.62,25.95,117.47,104.4,5.42,17.63,131.38,2.87"
17/06/2025,"103.98,98.26,94.95,,94.19,95.24,102.51,118.76,107.01,98.59,70.74,4.34,-0.61,-0.86,-4.91,-6.2,-2.56,8.65,79.23,103.36,129.08,241.8,241.38,138.19,116.36,-6.2,241.8,97.85,105.88,43.27,-3.63,80.08,184.43,84.65,39.9,98.19,101.86,19.82,129.39,98.78,-0.51,19.78,161.7,-1.8"
16/06/2025,"105.72,91.64,86.94,,84,83.28,88.39,112.43,123.49,108.92,84.49,60.28,14.02,1.62,0.07,0,0,13.61,70,89.24,116,186.1,190,129.18,106.9,0,190,92.08,101.9,66.93,0.42,72.21,153.05,81.1,46.52,90,96.99,33.68,115.67,107.33,19,20.9,136.24,12.67"
15/06/2025,"91.93,88.87,87.23,,90.94,91.99,92.15,84.99,66.21,53.86,5.55,0,-0.02,-1.22,-5.61,-5,-2,-0.01,54.79,96.43,109,114.59,135.43,127.63,106.54,-5.61,135.43,89.74,83.84,14.85,-3.46,65.05,121.05,61.84,25.48,90.52,86.79,5.7,98.21,52.65,-1.71,11.95,114.94,-2.31"
14/06/2025,"73.99,71.2,66.15,,66.88,68.06,64.52,54.68,20.3,7.74,0,-2.02,-9.08,-35.72,-38,-25.75,-6.7,-0.37,8.86,83.38,121.55,127.27,117.68,121.39,109,-38,127.27,69.56,51.89,-0.84,-26.54,53.36,118.84,44.38,8.66,68.47,60.72,-13.69,80.09,20.68,-21.21,-5.99,113.38,-19.55"
13/06/2025,"70.29,55.25,58.61,,63.42,63.84,70.71,83.68,87.26,77.39,40.03,4.1,-0.03,-2.05,-6.09,-6.01,-2.38,-0.01,35.9,80.04,108.9,111.19,94.9,90,71.3,-6.09,111.19,61.89,76.37,30.37,-4.13,56.21,91.85,52.09,27.48,63.69,69.13,13.12,76.7,72.09,-1.02,6.88,92.72,-2.08"
12/06/2025,"92.91,87.7,85.43,,84.85,89.06,92,114.85,104.3,78.86,36.09,0,-2,-15.91,-27.9,-25.47,-11.57,-2.78,14.9,79.96,112.55,132,111,105,86.9,-27.9,132,87.72,100.05,28.24,-20.21,51.16,108.73,59.28,19.73,88.66,93.89,4.01,98.83,83.53,-11.45,-6.23,104.57,-13.81"
11/06/2025,"73.01,71.38,70.58,,69.86,73.59,83.6,101.26,107.8,85.09,66.7,22.98,1.3,-0.36,-0.97,-3.4,-2.4,-0.01,66.47,89.34,132.28,217,180,119.34,94.07,-3.4,217,71.21,91.56,44.02,-1.78,72.02,152.6,71.6,38.09,73.67,81.39,21.12,105.12,90.21,5.74,15.17,138.67,2.86"
10/06/2025,"86.65,78.07,69.66,,59.95,54.16,62.18,74.62,82.79,83.17,69,22.21,0.1,-0.19,-2.33,-4.26,-1.04,0.03,53.99,69.6,82.08,83.97,91.28,97.94,85.31,-4.26,97.94,73.58,68.44,43.62,-1.96,51.43,89.63,54.12,31.03,68.45,71.01,20.83,77.22,77.4,4.95,12.18,85.03,2.42"
09/06/2025,"4.8,4.15,4.19,,4.27,13.42,32.2,44.97,40.04,2.97,-0.62,-1.14,-4.14,-10,-19.33,-15.76,-4.5,-1,0.09,69.54,117.79,141.4,148.42,126.52,101.19,-19.33,148.42,4.35,32.66,-0.73,-12.4,46.61,129.38,33.31,11.16,10.51,18.51,-6.57,55.46,21.84,-8.65,-5.29,117.48,-9.15"
08/06/2025,"93.84,83,76.86,,69.74,67.02,55.66,39.02,3.71,0,-0.5,-2,-8.21,-19.92,-39.98,-52.56,-53.06,-38.89,-16.71,-0.01,39.65,60.88,69.55,65.07,51.13,-53.06,93.84,80.86,41.35,-2.68,-41.38,-3.99,61.66,22.64,-16.02,74.35,61.11,-22.03,61.29,10.56,-17.53,-40.31,47.71,-29.29"
07/06/2025,"87.61,83.5,78.02,,81.89,82.27,81.99,85.47,86.74,79.86,65.3,30.53,9.44,1.19,-0.01,-0.02,-0.02,-0.87,26.91,70.1,85.01,109.9,110.26,98.01,80.09,-0.87,110.26,82.76,84.12,46.28,0.29,45.29,99.57,59.72,30.62,82.55,83.44,23.28,88.81,79.34,10.29,6.5,92.23,6.85"
06/06/2025,"76.29,66.12,60.86,,55.27,52.78,63.7,67.02,74.43,59.61,3.94,-0.01,-0.27,-2.07,-4.93,-5.06,-4.96,-1,0,50.47,84.19,112.57,129.29,125.72,103.24,-5.06,129.29,64.64,64.48,15.82,-4.26,33.42,117.71,48.63,14.99,62.5,64.56,5.78,82.27,51.25,-1.82,-2.76,100.91,-2.88"
05/06/2025,"97.67,92.7,86.84,,86.1,87.01,88.09,113.78,129.03,116.6,83.03,66,46.18,20,11.03,7.07,19.87,57.5,81.08,100.94,112.19,136.4,106.95,96.37,81.36,7.07,136.4,90.83,104.48,77.95,14.49,87.93,105.27,80.16,60.12,89.74,97.65,46.22,100.19,110.61,35.8,41.38,105.7,28.36"
04/06/2025,"74.95,67.25,64.78,,65,68.32,80.32,99.77,113.74,112.4,79.08,72.4,48.36,20.12,9.69,18.26,43.35,72.4,91.45,108.91,145.98,192.85,138.82,112.43,94.08,9.69,192.85,68,90.54,78.06,22.86,104.69,134.55,83.11,68.53,70.1,79.27,50.46,97.69,101.25,37.64,56.37,132.18,35.36"
03/06/2025,"111.49,109.91,102.02,,99.23,94.89,107.6,130.76,116.85,85.98,59.46,2,-0.05,-1.01,-3,-4.32,-1.33,0,66,87.79,109.41,132.9,112.29,106.12,95.49,-4.32,132.9,105.66,112.53,36.85,-2.42,65.8,111.7,71.69,33.41,104.19,109.09,17.22,109.96,98.26,-0.52,15.09,107.33,-1.29"
02/06/2025,"81.76,75.31,75,,77.75,83.05,91.93,108.15,117.9,102.36,85.6,57.47,33.21,20,12.78,11,19.75,55.84,82.8,94.95,109.32,195.91,245.37,141.66,110.04,11,245.37,77.46,100.26,69.66,15.88,85.73,173.25,87.04,57.09,80.8,88.86,42.77,116.99,103.5,30.87,42.35,149.54,25.7"
01/06/2025,"92.53,85.22,77.13,,74.09,72.66,66.11,35.84,13,2.4,-0.01,-0.6,-2.11,-5.48,-12.93,-20.41,-15.61,-6,-0.99,19.23,78.85,93.66,106.86,105.93,90.49,-20.41,106.86,82.24,46.9,-0.08,-13.61,22.77,99.24,39.58,3.03,77.96,64.57,-6.84,76.13,12.81,-5.28,-10.75,82.5,-9.52"
31/05/2025,"107,99.94,98.75,,99.07,99.91,98.29,94.79,84.61,55,1,-0.02,-1,-3.07,-13.17,-7.75,-3,-0.05,41.4,88.85,131.41,192.35,192.37,133.49,102.06,-13.17,192.37,101.19,94.4,13.75,-6.75,65.4,155.07,70.51,24.13,100.49,97.8,3.5,116.89,58.85,-4.32,7.65,140.09,-4.67"
30/05/2025,"45.42,25.67,32.99,,33.95,37.39,55.08,69.73,68.38,53.01,29.13,1.83,-0.02,-1.01,-3.1,-3,-1.34,-0.04,5.88,73.52,111.84,136.95,145.89,130.19,108.15,-3.1,145.89,34.51,57.65,20.99,-2.11,47.8,130.3,48.19,22.23,38.42,46.08,9.44,74.15,55.06,-0.58,0.38,117.76,-1.11"
29/05/2025,"99.13,94.8,92.06,,91.55,91.54,91.36,89.46,86.49,82.95,62.83,19.93,1.71,0.03,-1.68,-1.99,-1.98,-1.09,23.13,65.5,80.2,77.17,73.73,76.66,57.5,-1.99,99.13,94.39,89.71,41.86,-1.41,41.94,71.27,56.29,27.46,93.41,92.05,20.23,85.12,80.43,5,4.52,71.79,2.67"
28/05/2025,"76.43,69.01,67.39,,61.01,65.19,72.52,92.85,100.09,95,90,76.48,71.46,65.67,58.03,53.21,42.1,67.28,83.7,94.99,114.83,134.83,139.91,124.29,104.27,42.1,139.91,68.46,82.66,83.24,54.75,90.2,125.83,84.19,76.06,68.59,75.56,68.99,92.32,94.49,67.91,61.57,118.85,61.16"
27/05/2025,"88.51,73.92,62.02,,61.98,67.7,62.2,67.7,73.9,68.63,50.17,4.26,3.19,0.03,0.02,0.09,3.14,55.17,84.55,103,122.64,137.6,111.16,100.34,82.41,0.02,137.6,71.61,67.88,31.56,0.82,91.34,107.88,61.85,41.24,69.39,69.74,16.19,82.45,65.1,1.88,35.74,109.53,1.79"
26/05/2025,"88.13,79.12,73.21,,71.83,76.7,85.48,116.2,143.17,129.91,91.41,16.17,0.05,-0.42,-1.45,-1.18,-0.82,0,17.65,95.76,119.33,169.87,161.57,119.38,98.86,-1.45,169.87,78.07,105.39,59.39,-0.97,58.19,137.42,72.91,38.87,79.08,91.73,29.21,106.96,120.17,3.59,3.91,127.46,2.06"
25/05/2025,"23.82,22.9,14.39,,8.38,3.9,2.11,1.17,1.21,0.03,0,-0.61,-0.6,-0.25,-3.19,-5.05,-4.95,-1.37,0,11.72,92.95,100,107.41,102.23,92.92,-5.05,107.41,17.37,2.1,-0.3,-3.36,25.83,100.64,23.71,7.39,12.58,9.74,-1.83,40.04,0.6,-1.16,-2.84,84.54,-2.44"
24/05/2025,"98.99,94.76,88.74,,84.22,82.93,80.71,82.07,76.9,62.09,12.26,-0.01,-0.11,-0.15,-0.19,-0.39,-1.77,-0.39,48.67,85.34,109.08,111,107.92,92.06,79.67,-1.77,111,91.68,80.65,18.56,-0.63,60.68,97.66,58.1,26.2,88.39,86.17,8.97,90,58.33,-0.12,11.53,97.51,-0.44"
23/05/2025,"101.1,93.16,87.12,,86.56,93.08,106.82,128.49,132.8,114.67,85.9,70,54.05,13.44,0.62,0,0,25.33,71.91,97.6,114.36,130.47,139.29,126.93,108,0,139.29,91.99,115.3,81.16,3.52,77.3,126.17,82.57,53.99,94.64,103.64,42.34,111.15,115.47,34.53,24.31,119.44,23.02"
22/05/2025,"98.54,88.28,83.65,,81.5,83.34,90,107.67,106.01,98.16,54.54,1.66,0.01,-1.91,-12.77,-15.4,-10.9,-2.99,-0.01,50,106.84,115,127.25,117.48,103.23,-15.4,127.25,87.99,96.76,38.59,-10.25,38.46,115.74,61.22,22.27,87.55,92.37,14.17,100.16,91.6,-3.25,-7.33,103.3,-6.55"
21/05/2025,"107.93,102.33,97.9,,94.9,93.7,102.49,112.48,116.54,107.82,84.82,42.22,0.15,-0.1,-2.2,-1.53,-0.01,2.06,49.08,86.32,100.1,114.35,110.27,100.72,90,-2.2,116.54,100.77,106.3,58.75,-0.96,59.39,103.84,71.35,39.06,99.88,103.53,28.9,103.63,105.42,10.02,12.4,100.29,6.42"
20/05/2025,"114.95,106.03,102.5,,104.04,109.14,118.96,143.21,130.81,100,85.2,61.58,15.95,0.17,0.01,0.09,7.61,67.87,97.15,111.79,141.23,192.25,148.97,120,107.93,0.01,192.25,106.88,125.53,65.68,1.97,104.51,142.29,91.14,57.39,109.27,116.21,33.83,124.9,114.81,19.43,43.18,137.03,14.24"
19/05/2025,"110.48,102.62,96.1,,92.95,98.03,109.39,131.22,137.22,113.41,93.69,69.59,28.56,12.77,5,8,28.15,72.98,97.09,114.49,148.45,229.11,154.86,126.81,111.88,5,229.11,100.54,118.97,76.31,13.48,108.25,155.67,95.54,66.02,101.6,109.75,44.9,125.06,118.89,28.98,51.56,147.6,25.35"
18/05/2025,"106.73,101.49,98.57,,97.4,98.41,97.98,91.3,87.16,67.86,10.1,0,-0.2,-2,-7.37,-15,-8.97,-0.2,9.67,91.38,108.4,125.17,130.47,118.41,103.62,-15,130.47,101.05,93.71,19.44,-8.34,52.31,119.42,62.93,21.14,100.1,97.38,5.55,104.73,64.11,-2.39,-3.63,112.91,-5.59"
17/05/2025,"93,93.48,88.93,,88.9,89.89,93.46,91.56,89.85,59.11,0.86,-0.06,-4.49,-4.96,-10.02,-11.27,-5.8,-0.8,5.01,78.77,99.64,121.38,130.21,129.9,111.6,-11.27,130.21,91.08,91.19,13.86,-8.01,45.66,123.27,59.51,17.17,91.28,91.13,2.92,101.85,60.35,-4.88,-3.22,111.92,-6.1"
16/05/2025,"94.5,88.47,84.91,,85,88.76,98.26,113.18,117.6,106.66,78.99,11.11,-0.01,-3.15,-1.97,-1.55,-0.01,2.98,69.79,100.05,111.81,154.91,143.23,116.08,102.08,-3.15,154.91,88.22,104.45,49.19,-1.67,71.16,129.08,73.4,39.56,89.98,96.34,23.76,107.25,104.11,1.5,17.8,121.36,0.74"
15/05/2025,"98.06,89.88,87.8,,87.63,90.28,98.94,119.9,119.91,102.06,75.65,4.58,-0.08,-4.97,-14.76,-14.25,-6.62,-0.6,3.83,76.11,108.97,130.74,125.13,110.49,101,-14.76,130.74,90.84,107.26,45.55,-10.15,47.08,116.84,66.24,27.49,92.1,99.05,17.7,104.98,104.38,-3.81,-4.41,108.74,-6.02"
14/05/2025,"102.78,97.3,95.41,,96.96,98.56,103.94,128.58,122.51,99.56,70.92,0.2,-1.67,-18.16,-29.91,-31.82,-12.79,-1.33,30.94,91.6,114,158.45,132.59,109.08,99.86,-31.82,158.45,98.11,113.4,42.25,-23.17,58.8,125,69.07,25.96,99.16,105.76,9.54,112.17,105.39,-12.39,-3.75,117.6,-15.69"
13/05/2025,"89.87,88.55,89.2,,93.94,96.71,104,136.77,128.33,100.42,79.36,16.09,-0.75,-6,-16,-6.55,-3.83,0.55,74,105.23,151.07,223.58,148.96,111.97,102.63,-16,223.58,90.39,116.45,48.78,-8.1,82.71,146.79,79.5,41.13,93.71,103.42,20.34,117.88,111.22,-1.67,16.04,140.57,-2.84"
12/05/2025,"86,81.28,80.95,,81.48,84.65,97.71,137.05,141.15,108.49,69.74,0.49,-3.91,-25,-35,-29.9,-8.59,-0.01,72.58,107.12,141.41,172.7,117.25,100.11,92.97,-35,172.7,82.43,115.14,43.7,-24.62,80.28,120.76,69.61,33.12,85.35,98.78,9.54,106.11,114.11,-15.86,8.52,121.93,-16.99"
11/05/2025,"97.8,95.1,94.51,,95.42,95.39,95.45,87.61,65.76,4.96,-0.1,-12.02,-51.95,-212.82,-250.32,-230.98,-110.06,-18.52,-0.08,85.96,117.11,124.86,109.55,98.45,84.68,-250.32,124.86,95.71,86.05,-14.78,-201.05,46.12,104.39,19.41,-56.57,95.61,90.88,-107.91,95.38,39.56,-131.78,-89.91,103.44,-144.69"
10/05/2025,"105.22,102.91,98.78,,96.28,100.9,100.47,97.73,93.91,73.72,9.02,-0.07,-22.88,-58.48,-114.53,-110.51,-49.52,-5.94,23.99,95.27,124.04,163.2,129.49,107.72,94.49,-114.53,163.2,100.8,98.25,14.95,-83.26,59.34,123.73,52.3,-2.99,100.76,99.53,-34.16,107.59,68.6,-48.99,-35.5,119.04,-59.33"
09/05/2025,"102.27,96.55,93.76,,95.09,100.28,112.4,141,136.03,100.61,82,51.6,0.1,-0.74,-0.04,-0.01,0.09,52.66,79.06,98.9,120,149.13,130.35,107.32,98.32,-0.74,149.13,96.92,122.43,58.58,-0.18,87.66,121.28,81.11,48.69,100.06,109.67,29.2,113.54,114.91,12.73,32.95,117.34,8.5"
08/05/2025,"95.86,91.66,91.51,,93.18,96.09,109.25,124.27,138.73,124.11,101.13,87.81,75.34,64.25,63.75,70.05,78.77,85.3,91.63,109.09,134.96,185.08,143.18,114.77,106.48,63.75,185.08,93.05,117.09,97.1,69.21,105.25,137.38,103.18,90.52,96.26,105.07,83.15,115.84,122.06,72.79,81.44,132.26,73.33"
07/05/2025,"92.67,87.05,85.63,,88.6,95.16,108.57,131.68,143.95,125,96.43,82.41,73.3,64.43,63.92,68.04,75,81.8,95.85,108.49,128.93,147.15,125.18,108.49,96.59,63.92,147.15,88.49,119.84,94.29,67.85,103.77,119.35,98.93,88.63,92.95,104.16,81.07,109.23,124.27,71.02,80.17,119.14,71.18"
06/05/2025,"87.22,81.68,81.29,,79.96,82.39,97.08,114.57,121.86,108.37,83.08,72.27,59.89,42.81,38.17,45.44,65,73.73,89.99,106.89,134.09,161.18,136.6,118.28,101.27,38.17,161.18,82.54,103.98,80.9,47.86,101.18,129.33,90.96,76.64,84.94,93.26,64.38,105.28,106.97,53.29,68.54,126.39,53.93"
05/05/2025,"75.18,70.51,72.25,,75.15,74.98,89.49,110.92,122.57,106.69,90.82,80,61.65,53.83,49.66,59.3,70.42,78.88,89.22,100.1,128.92,128,113.17,101.52,94.46,49.66,128.92,73.27,99.49,84.79,58.3,99.28,109.29,87.4,80.79,76.26,86.38,71.55,94.02,107.75,61.29,74.46,111.03,62.48"
04/05/2025,"60.3,44.9,31.47,,20.39,20.02,15.58,13.62,7.83,2.93,0,-0.01,-0.01,-0.02,-2,-5.01,-1.59,-0.01,10.07,80.08,95.95,109,112.38,101.79,87.35,-5.01,112.38,39.27,14.26,0.73,-2.16,46.52,102.63,33.54,15.03,32.11,26.76,-0.71,52.05,6.1,-0.51,0.87,97.76,-1.44"
03/05/2025,"97.81,93.34,92.2,,92,91.23,91.84,92.86,87.73,79.9,13.53,0.01,-0.01,-1.16,-3.04,-2.69,-0.03,0,28.87,68.11,77.54,90.27,87.02,78.63,65.91,-3.04,97.81,93.84,90.92,23.36,-1.73,43.63,80.46,55.08,21.75,93.07,92.38,10.81,88.4,68.51,-1.05,6.54,77.91,-1.15"
02/05/2025,"89.92,77.12,66.9,,63.91,66,74.01,86.83,88.55,84.9,55,0.85,-0.01,-0.8,-3,-4,-0.08,0.3,67.5,99.9,118.39,150.4,121.24,106.72,96.44,-4,150.4,74.46,78.85,35.19,-1.97,71.52,118.7,62.79,34.91,72.98,76.66,16.61,90.67,78.82,-0.74,15.93,115.52,-1.17"
01/05/2025,"97.51,91.78,90.46,,90.63,90.5,84.16,83.94,78.04,62.1,0,-3,-40.1,-85.01,-129.99,-118.11,-49.99,-5.17,40.77,96.14,129.87,164.38,122.45,100.73,87.1,-129.99,164.38,92.6,84.16,4.75,-95.78,65.4,118.67,44.97,-8.54,90.84,88.38,-45.51,98.47,56.02,-64.53,-33.13,116.78,-71.03"
30/04/2025,"95,90,87.59,,88.25,91.4,95.83,115.27,120.3,99.9,76.7,7.08,0,-1,-6.21,-3,-0.02,19.91,78.39,101.8,130.37,176.43,128,108.33,98.68,-6.21,176.43,90.21,105.7,45.92,-2.56,82.62,127.86,74.96,41.99,91.35,97.96,21.68,107.92,103.04,-0.03,23.82,123.94,-0.53"
29/04/2025,"90.64,86.86,81.76,,79.17,80.03,90.57,107,113.13,99.98,78,9.31,0,-0.76,-1.9,-1.67,-0.01,14.82,77.6,102,139.83,174.75,129.11,108.83,97.82,-1.9,174.75,84.61,97.68,46.82,-1.09,83.56,127.63,73.2,43.1,84.84,91.15,22.87,103.31,99.53,1.66,22.69,125.39,0.83"
28/04/2025,"92.24,86.49,83.1,,85.41,91.19,99.49,140,131.09,96.85,67.37,10.03,-0.01,-4.02,-5.9,-6.18,-1.54,2.01,71.83,101.92,149.9,194.81,128.83,106.24,96.83,-6.18,194.81,86.81,115.44,43.56,-4.41,81.42,131.68,75.75,40.19,89.65,101.13,19.58,111.31,108.83,0.03,16.53,129.76,-1.27"
27/04/2025,"67.71,62.91,57.96,,59.12,61.94,69.05,69.14,63.72,34.95,0.04,-3,-33.88,-101.04,-129.81,-116.61,-50,-5.17,18.35,91.98,110.83,124.23,109.24,99,93.77,-129.81,124.23,61.93,65.96,-0.47,-99.37,54,106.56,31.43,-15.28,63.12,63.94,-49.92,78.15,41.96,-66.93,-38.36,104.84,-72.39"
26/04/2025,"100,92.19,91.02,,89.66,89.01,90.86,93.01,86.33,72.19,34.45,2.55,-0.01,-7.63,-14.85,-10.77,-2.19,-0.02,30.99,79,99.81,107.4,96.85,85.26,72.31,-14.85,107.4,93.22,89.8,27.3,-8.86,52.45,90.46,57.39,23.63,92.12,91.51,9.22,91.16,71.5,-4.99,4.5,90.11,-5.48"
25/04/2025,"91.03,82.92,82.23,,83.4,84.95,94.64,104.41,113.39,111,99.41,88.17,75.45,66.61,48.03,40.99,59.47,73.04,84.19,99.43,115.99,123.78,109.63,100.37,92.09,40.99,123.78,84.9,99.35,93.51,53.78,93.16,106.47,88.53,80.15,86.53,92.12,73.64,96.9,107.05,69.57,64.42,106.88,63.12"
24/04/2025,"94.17,88.3,86.7,,85.65,84.35,90.93,110.34,118.51,117.65,108.91,96.67,93.55,81.56,78.95,78.04,78.72,83.37,95.36,101.02,114.64,121.61,114.48,106.53,93.1,78.04,121.61,88.71,101.03,104.2,79.32,98.6,108.93,96.8,94.04,88.35,94.87,91.76,99.56,113.85,87.68,83.87,108.56,84.58"
23/04/2025,"106.72,99.4,96.84,,96.7,101.2,108.23,137.09,152,128.84,100,92,94.39,81.04,80.29,88,92.35,99.05,108.28,128.9,155.97,148.67,126.11,108.2,97.15,80.29,155.97,99.92,124.63,103.81,85.42,123.05,120.03,109.48,104.09,101.52,112.27,94.61,114.86,129.48,86.93,96.92,127.5,88.01"
22/04/2025,"96.21,88.8,87.4,,85.01,84.58,97.39,120.76,151.54,147,111.88,95.2,89.97,79.92,67.66,71.47,78.45,83.07,100.04,122.38,192.32,263.2,157.28,122.28,109.6,67.66,263.2,89.36,113.57,111.01,74.38,124.45,163.09,112.64,103.28,89.9,101.46,92.69,122,132.8,83.19,83.26,161.18,80.45"
21/04/2025,"108.58,97.59,96.47,,96.84,97.98,98.54,97.07,91.31,88.5,87.99,65.24,33.88,17.19,8.91,8.43,10.01,50.05,88.77,101.95,121.95,139.14,132.1,122.77,106.54,8.43,139.14,99.87,96.23,68.9,11.14,90.68,125.14,81.99,56.91,99.33,98.05,40.02,107.08,91.22,31.31,39.32,120.74,23.94"
20/04/2025,"100.41,94.9,98.98,,97.41,98.83,108.64,109.38,94.32,68.6,18.63,0,-5.72,-34.99,-52.42,-40.05,-4.76,0,72.42,106.81,119.94,144.95,137.56,121.82,110.68,-52.42,144.95,97.93,102.79,20.38,-33.06,74.79,128.75,65.26,20.71,99.86,100.36,-6.34,109.82,72.73,-23.28,6.9,123.63,-22.99"
19/04/2025,"89.32,80.01,84.45,,82.39,84.98,90.62,95.2,91.67,83.89,76.43,29.99,4.54,0,-3.01,-7.26,-0.86,0.2,64.01,102.77,126.84,142.71,127.36,109.55,98.27,-7.26,142.71,84.04,90.62,48.71,-2.78,73.46,119.47,68.92,39.8,85.3,87.33,22.97,98.04,86.8,7.88,14.02,117.92,3.9"
18/04/2025,"91,81.3,79.12,,77.94,76.34,76.35,79.39,87.98,91.25,90.14,88.3,83.28,75.03,63.75,62.64,65.36,76.61,88.64,103.5,123.12,126.52,116.52,106.35,99.12,62.64,126.52,82.34,80.02,88.24,66.7,97.97,112.13,87.9,84.3,80.34,81.18,77.47,91.49,87.19,77.59,73.31,112.52,73.06"
17/04/2025,"88.99,83.99,81.67,,80.07,81.28,87.43,108.02,122.8,130,121,110,95.03,80.84,81.04,77.75,77.65,83.87,97.63,112.65,129,122.79,114.76,98.9,96.52,77.65,130,83.68,99.88,114.01,79.32,105.79,108.24,98.49,99.71,83.91,91.78,96.66,97.27,120.46,91.73,84.23,112.44,87.05"
16/04/2025,"88.01,82.04,82.2,,81.4,82.99,99.4,121,135.14,109.94,94.82,79.75,64.08,35.3,22.4,24.94,55,68,93.16,118,146.52,136.48,121,109.69,98.59,22.4,146.52,83.41,109.63,87.15,34.41,106.42,116.44,89.58,75.99,86.01,96.52,60.78,103.16,115.23,50.38,60.28,121.71,46.91"
15/04/2025,"72.93,73.2,67.38,,64.29,66.3,70.42,83.03,96.99,98.56,65,48.93,2.92,0.08,0,0.1,29.27,68.08,86.57,105.28,133.58,141.54,110.58,102.21,93.76,0,141.54,69.45,79.19,53.85,7.36,98.38,112.02,70.04,53.2,69.09,74.32,30.61,86.89,85.9,12.98,46.01,114.49,13.55"
14/04/2025,"87.56,82.69,82.11,,82.29,84.52,97.1,124.34,152.03,143.7,104.7,91.02,77.07,62.35,61.64,64.36,75.29,84.6,97.02,119.35,180,140.61,102.83,82.59,76,61.64,180,83.66,114.5,104.12,65.91,120.24,100.51,98.16,96.76,86.05,99.08,85.02,99.56,131.19,73.02,80.32,116.9,71.96"
13/04/2025,"63.99,56,42.36,,29.5,32.06,34.48,29.41,27.75,12.87,8.43,0,-0.02,-3.02,-18.84,-25.38,-9.93,-0.01,17.56,98.63,120.65,118.01,108.06,103.35,94.98,-25.38,120.65,47.96,30.93,5.32,-14.29,59.21,106.1,39.2,16.75,43.07,39.44,-4.49,61.66,19.62,-5.47,-4.44,107.28,-9.53"
12/04/2025,"107.84,104.41,100.93,,98.15,98.99,99.08,104.42,99.74,95.49,67.26,20.19,0,-9.23,-40.04,-42.01,-18.68,-0.08,59.47,111.31,150.06,120.89,91,86.27,64.27,-42.01,150.06,102.83,100.56,45.74,-27.49,80.19,90.61,65.41,32.81,101.57,101.7,9.12,98,91.73,-7.27,-0.33,103.97,-14.96"
11/04/2025,"65.32,60.75,58.44,,58.43,61.93,71.99,94.2,111.4,85.9,58.89,11.31,0,-3,-4.99,-3.61,-0.1,0,70.15,110.69,133.4,155,130.46,119.1,105.49,-4.99,155,60.74,84.88,39.03,-2.93,78.56,127.51,64.63,38.22,62.81,72.81,18.05,91.04,87.6,0.83,16.61,125.69,-0.07"
10/04/2025,"92.9,89.55,88.9,,87.92,90,97.54,132.44,170.59,135.44,102.4,85.71,66.34,34.95,2.18,0.08,1.18,54.44,70,101.68,140.42,137.17,97.56,92.05,81.11,0.08,170.59,89.82,122.64,97.47,9.6,91.64,101.97,85.52,66.24,91.14,106.23,53.54,104.81,135.22,47.3,31.43,108.33,31.74"
09/04/2025,"104.99,95.99,94.67,,94.45,95.79,109.45,152.68,175.56,131.56,99.51,82.71,59.69,13.61,6.72,13.27,34.87,62.98,83.5,103.48,131.57,138.73,111.23,101.94,98.51,6.72,175.56,97.53,133.37,93.37,17.12,95.38,112.6,91.56,68.62,99.22,115.45,55.24,114.5,139.83,40.68,48.66,114.24,35.15"
08/04/2025,"94.93,87.83,89.06,,89.9,91.62,105.73,142.97,180.55,136.77,91.3,76.47,61.09,19.57,16.83,28.59,57.47,73.33,90.34,118.26,180.4,171.31,140,120.47,105.12,16.83,180.55,90.43,130.22,91.41,30.62,115.58,134.23,98.75,79.2,93.18,110.32,61.01,118.29,137.9,43.49,62.43,139.26,43.34"
07/04/2025,"86.71,85,81.73,,83.53,85.45,98.74,131.1,175.97,144.61,107.1,83.37,65,11.8,2.19,3.94,60.98,72,102.43,127.6,168.45,165.05,138.2,121.02,105.21,2.19,175.97,84.24,122.82,100.02,19.73,117.62,132.37,96.13,79.12,86.86,103.53,59.87,113.14,139.7,40.59,59.84,137.59,37.88"
06/04/2025,"70.45,61,62.72,,68.28,69.95,77.43,76.54,78.11,41.79,0.1,-2,-27.56,-60.01,-106.31,-114.57,-70,-18.95,1.76,112.41,131.56,132.9,121.38,111.84,100.03,-114.57,132.9,65.61,75.51,3.08,-87.72,56.7,116.54,38.29,-9.32,68.31,70.56,-42.32,85.89,49.14,-48.97,-50.44,118.35,-63.41"
05/04/2025,"109.23,102.76,99.39,,99.4,98.31,97.5,102.98,105.9,98.3,57.16,0.66,-0.94,-24.09,-47.73,-49.1,-29.91,-4.3,0,70,99.4,98.9,84.25,78.99,68.75,-49.1,109.23,102.7,101.17,38.8,-37.71,41.28,82.72,54.83,14.12,101.1,101.93,0.54,95.53,91.09,-18.03,-20.83,83.38,-25.19"
04/04/2025,"108.34,103.04,102.89,,103.61,105.95,112.55,152.67,180.17,139.4,95.68,65,7.82,0,-1.31,-1.21,-0.13,29.7,79.87,126.35,167.64,155.99,120.67,106.15,96.97,-1.31,180.17,104.47,137.84,76.98,-0.66,100.89,119.95,89.91,59.07,106.06,121.15,38.16,120.75,141.98,17.88,27.06,128.96,11.7"
03/04/2025,"67,67,67,,68.95,71,86.22,129.71,162.77,133.3,79.11,40.47,-0.16,-1.19,-8.4,-5.85,-0.27,16.09,75,138,163.48,155.88,137.03,113.21,104.63,-8.4,163.48,67.49,112.43,63.18,-3.93,98.14,127.69,77.5,52.47,71.2,89.96,29.63,102.53,126.22,7.68,21.24,135.37,4.1"
02/04/2025,"68.06,66.93,66.8,,67.97,68.9,82.18,113.84,150.31,124.7,84.74,48.38,0,-4.92,-20.06,-21.02,-10,-1.73,15.37,88.84,125.35,114,96.07,82.63,71.43,-21.02,150.31,67.44,103.81,64.46,-14,56.96,91.03,61.62,35.8,70.14,85.62,25.23,87.43,118.4,5.85,-4.35,96.39,-1.27"
01/04/2025,"101.56,95.02,92.91,,93.5,91.43,100.71,129.46,179.96,159.37,108.47,86.17,70.26,53.15,11.57,10.89,26.7,65.23,82.8,122.39,155.72,138,110.9,95.64,79.45,10.89,179.96,95.75,125.39,106.07,25.58,106.54,106,94.22,79.39,95.86,110.57,65.82,109.05,144.32,55.29,46.41,117.02,43.12"
31/03/2025,"65.57,63.25,64.41,,67.22,68.97,88,109.27,143.54,174.23,133.17,110.27,99.04,83.54,74.1,73.58,69.55,76.24,100.83,131.57,183.96,172.73,135.03,115.25,102.34,63.25,183.96,65.11,102.45,129.18,75.19,123.15,131.34,104.4,109.17,69.57,83.78,102.19,99.63,140.05,91.74,80.05,140.15,85.01"
30/03/2025,"46.31,15.89,,,5.1,1.2,0.09,0.03,0,-0.01,-0.04,-3.47,-11.34,-18.5,-25.76,-26.07,-12.96,-4.01,-0.01,14.41,60.83,58.86,50.01,61.71,56.44,-26.07,61.71,22.43,0.33,-3.72,-20.82,17.81,56.76,11.68,-2.24,13.72,9.8,-12.27,26.88,-0.01,-14.77,-10.76,50.38,-16.35"
29/03/2025,"113.62,103.91,96.54,,96.22,96.5,92.74,96.73,98.44,91.86,76.14,65.67,65.34,65.33,2.06,3.94,25.27,66.26,100.1,146.91,152.22,121.07,100.42,82.75,68.27,2.06,152.22,102.57,96.1,74.75,24.15,116.37,93.13,84.51,71.76,99.92,99.34,49.45,97.27,90.79,49.6,48.89,111.94,37.94"
28/03/2025,"90,79.38,79.02,,79.38,79.84,103.51,128.52,122.2,102.08,75.57,25.77,1.68,-0.01,-0.03,14.48,70.1,104.19,132,165.99,165.9,148.03,124.56,117.94,110.12,-0.03,165.99,81.95,108.52,51.28,21.14,142.02,125.16,88.34,71.48,85.19,95.23,36.21,105.21,107.09,6.85,80.19,138.76,18.67"
27/03/2025,"104.93,98.98,97.8,,98.85,97.07,104.9,129.83,140,123.5,89.92,77.61,45.48,24.81,6.67,30.34,74.93,93.74,127.25,157.9,170.7,141.61,124.42,113.1,100.91,6.67,170.7,100.14,117.95,84.13,34.19,137.4,120.01,98.97,85.24,100.42,109.05,59.16,112.7,120.81,38.64,81.57,134.77,43.31"
26/03/2025,"101.02,97.96,97.36,,97.39,95.72,98.85,128.76,141.95,137.09,111.86,100,96.39,94.81,84.5,90.79,94.36,101.45,135.16,162,169.54,153.27,129.4,120.27,108.91,84.5,169.54,98.43,116.32,111.34,91.12,142.04,127.96,114.53,114.83,98.05,107.38,101.23,114.24,129.92,93.93,105.44,140.57,93.48"
25/03/2025,"102.07,101.76,100.2,,102.67,101.96,107.39,136.05,142.13,133.36,106.41,92.03,78.8,68.45,69.23,81.7,95.52,108.84,138.81,161.14,166.36,148.6,122.36,114.83,102.05,68.45,166.36,101.68,121.88,102.65,78.73,143.79,121.96,111.78,108.39,102.68,111.78,90.69,115.17,129.49,77.13,106.22,135.89,80.96"
24/03/2025,"110.45,107.29,101.91,,98.94,101.99,119.82,141.5,164.28,161.86,135.38,111.16,107.36,100.75,100.87,106.57,115.85,130.95,154.15,211.99,193,161.84,138.55,125.58,115.16,98.94,211.99,104.65,131.9,128.94,106.01,172.52,135.28,129.88,135.82,106.73,118.27,117.48,123.94,150.76,105.04,126.88,157.69,107.09"
23/03/2025,"13.69,19.01,23.65,,23.49,24.82,25.01,24.84,24.26,18.99,23.09,13.78,9.6,13.49,5.01,11.46,42.5,84.42,124.23,140,142.51,140.58,130,126.47,114.24,5.01,142.51,19.96,24.73,16.37,18.12,122.79,127.82,54.96,52.42,21.61,22.35,17.24,57.51,22.8,10.47,65.65,132.3,15.97"
22/03/2025,"26.93,12.57,9.07,,6.88,10.12,12.95,13.01,13.04,3.11,0,-1.86,-6.31,-15.18,-15.04,-6.79,-1.51,1.01,34.99,60.03,50.95,42.15,36.12,37.14,35.69,-15.18,60.03,13.86,12.28,-1.27,-9.63,36.75,37.78,14.96,8.62,13.09,13.07,-5.45,21.31,7.29,-9.6,6.93,43.68,-7.78"
21/03/2025,"125.07,116.41,112.74,,105.81,109.1,127.49,156,148.27,110.73,73.31,43.25,7.35,0.81,0,2.49,12.36,46.22,100.24,120.65,83.5,70,47.19,27.13,18.45,0,156,115.01,135.22,58.66,3.92,87.65,40.69,73.52,50.08,116.1,125.11,31.29,96.97,122.08,12.85,40.33,61.15,11.04"
20/03/2025,"117.17,102.86,99.56,,100.08,102.83,119.7,144.84,141.21,99.87,79.45,37.51,3.42,0.43,0.65,16.6,79.42,120.76,155.14,280.07,253.85,164,136.82,125.03,117.91,0.43,280.07,104.92,127.15,55.06,24.28,202.46,135.94,108.3,93.93,107.03,116.03,39.67,122.67,116.34,10.5,92.98,179.61,23.01"
19/03/2025,"107.29,102.4,101.19,,102,106.59,122.52,158.05,147.74,108.23,79.5,26.52,-0.04,-0.56,-0.25,0.99,66.73,109.85,147.56,248.18,220.3,176.68,138.24,124.45,111.14,-0.56,248.18,103.22,133.73,53.55,16.73,181.47,137.63,104.39,83.92,107,118.47,35.14,124.86,123.38,6.42,81.28,169.83,15.57"
18/03/2025,"92.2,89.99,92.37,,89.2,95.25,110.74,138.9,136.68,106.52,71.53,25.27,0.68,-1.46,-0.3,5.72,50.28,95.94,140.9,170.91,167.46,142.39,123.04,115.97,103.29,-1.46,170.91,90.94,120.39,51,13.56,143.8,121.17,90.14,69.45,94.96,105.67,32.28,110.84,113.41,6.05,73.21,137.18,13.37"
17/03/2025,"78.1,79.01,78.79,,80.91,85.85,103.3,135.18,152.87,135.24,100.73,68.21,50.56,31.17,27.95,50.14,70.01,98.55,143.05,177.33,170,141.5,118.85,107.86,93.5,27.95,177.33,79.2,119.3,88.69,44.82,147.23,115.43,99.11,93.58,84.33,99.25,66.75,104.64,131.01,44.47,90.44,134.84,49.67"
16/03/2025,"90.01,85.79,79.62,,78.18,78.6,80.51,85.14,82.07,77.95,56.9,24.09,2.9,1.01,0.19,2.53,31,71.11,116.81,130.84,140,125.28,107.73,100.8,79.71,0.19,140,83.4,81.58,40.46,8.68,114.69,103.38,72.03,54.61,82.12,82.49,24.57,89.45,75.52,7.05,55.36,114.06,10.29"
15/03/2025,"112.15,103.14,96,,89.9,86.9,90.55,97.01,99.42,98.77,86.4,72.39,67.16,57.32,48,54.51,70.8,84.24,121.91,130.3,132.96,121.46,108.5,105.02,95.25,48,132.96,100.3,93.47,81.18,57.66,117.35,107.56,92.92,85.4,96.44,96.88,69.42,100.44,95.4,61.22,82.87,115.58,61.7"
14/03/2025,"109.09,106,105.9,,103.83,105.3,113.99,143.02,155.11,155,132.09,112,106.35,104.5,104.59,105.38,109.39,124.84,146.44,155.33,150.91,130.01,111.39,114,105.17,103.83,155.33,106.21,129.36,126.36,105.97,144.38,115.14,121.23,125.57,107.35,117.78,116.16,116.9,146.31,106.86,121.51,127.8,107.04"
13/03/2025,"108.52,102.25,98.98,,96.71,98.35,105.88,132.99,159.87,158.03,148.13,123.77,110.7,110.01,108.22,107.54,109.99,121.47,142.65,166.05,173.47,149,135.69,123.48,111.63,96.71,173.47,101.62,124.27,135.16,108.94,150.91,129.95,125.14,131.67,101.78,112.94,122.05,118.61,149.76,113.18,120.41,143.22,111.71"
12/03/2025,"101.73,100.09,97.79,,97.38,101.8,110.31,144.54,161.64,148.41,125,102.62,99.69,98.07,99.91,101.65,117.74,142.1,157.03,199.75,179.49,148.05,132.2,120,109.91,97.38,199.75,99.25,129.57,118.93,104.34,169.59,127.54,124.87,130.96,101.52,114.41,111.64,118.79,144.9,100.07,129.63,148.23,103.28"
11/03/2025,"104.39,101.8,99.73,,100.5,102.53,110.86,148.04,152.98,146.49,128.53,102,97.48,96.44,98.38,102.35,112.84,132.86,171.95,205.02,180.95,149.43,133,121.25,107.34,96.44,205.02,101.61,128.6,118.63,102.5,172.7,127.76,125.3,131.27,103.3,115.1,110.56,119.32,144.01,98.58,130,149.5,101.58"
10/03/2025,"96.83,94.92,96.7,,96.87,94.65,106.37,148.49,159.75,133.96,98.88,84.38,77.88,76.02,77.32,83.91,97.47,127.47,147.97,174.92,160.24,142.14,126.59,106.88,97.97,76.02,174.92,96.33,127.32,98.78,83.68,152.65,118.4,112.86,111.7,97.72,111.82,91.23,114.01,135.27,78.9,114.21,134.79,82.83"
09/03/2025,"95.19,94.81,94.44,,96.51,98.67,101.51,100,93.01,65.4,29.27,10.1,0.03,-2.26,-2.04,0.09,17.39,90.56,125.74,135.37,136.7,130.2,122.7,112.8,106.83,-2.26,136.7,95.24,98.3,26.2,3.3,122.09,118.13,77.21,50.53,96.86,96.77,14.75,103.89,71.92,1.46,58.45,124.1,3.89"
08/03/2025,"124.97,113.94,117.22,,116.76,118.42,121.3,127.82,120.59,98.04,72.54,18.05,2.07,-0.34,-0.1,0.07,56.2,100.86,145.58,174.05,140.03,111.21,100,99.24,97.94,-0.34,174.05,118.22,122.03,47.68,13.96,140.13,102.1,90.69,67.25,118.77,120.13,30.82,114.12,104.75,4.92,75.68,120.41,12.66"
07/03/2025,"90.27,90.27,91.38,,91.69,99,115.17,135.67,147.7,122.23,83,65.3,31.81,12.79,8.08,37.06,90.15,126.99,149.91,216.64,178.68,148.7,132.4,119.11,111.83,8.08,216.64,90.9,124.39,75.59,37.02,168.06,128.01,103.99,93.55,96.3,107.64,56.3,114.43,122.15,29.5,101.03,151.23,40.87"
06/03/2025,"83.9,84.84,87,,88.12,94.56,95.91,139.28,151.32,108.5,78.7,50.47,4.02,0.08,0.02,13.16,71,116.52,148.95,165.36,149.1,125.64,106.63,101.47,91.11,0.02,165.36,85.97,120.27,60.42,21.07,144.98,106.21,89.82,75.49,89.06,103.12,40.74,104.15,119.45,13.65,87.41,123.22,23.13"
05/03/2025,"90.05,83.07,83.01,,79.71,81.63,91.94,115.57,140.16,85.64,41.63,0.02,-0.07,-4.28,-3.7,0.05,48.5,89.89,133.13,146.23,145.89,123,108.12,109.12,96.98,-4.28,146.23,83.96,107.33,31.81,10.14,128.79,109.31,78.55,56.91,84.9,95.64,20.97,100.2,95.75,-2.01,67.89,121.56,6.75"
04/03/2025,"121,109.44,103.79,,104.82,100.28,111.51,141.86,169.61,141.95,110.98,80.02,48.58,20.53,14.34,52.31,81.29,111.15,148.61,180.92,163.67,134.13,114.38,114.41,106.81,14.34,180.92,109.76,130.82,95.38,42.12,151.09,117.43,107.77,96.2,108.47,120.29,68.75,119.34,141.1,40.87,98.34,135.72,49.51"
03/03/2025,"108.01,103.69,102.79,,99.7,103.37,116.7,137.51,163,147.52,106.74,72.39,6.4,0.33,0.01,61.4,84.1,106.36,148.79,183.95,175.93,150.49,128.21,124.93,122.46,0.01,183.95,103.55,130.15,83.26,36.46,153.76,131.52,106.45,91.16,105.71,116.85,59.86,121.74,138.69,19.78,100.16,147.66,37.44"
02/03/2025,"123.94,107.54,99.32,,93.01,94.23,93.98,95.89,102.6,103.11,89,68.3,49,27.5,3.13,2.84,50.73,80.43,126.55,143.09,146.1,132.98,120,120.79,112.78,2.84,146.1,105.95,96.68,77.35,21.05,124.04,121.64,91.12,74.15,102,101.31,49.2,108.09,97.65,36.98,65.14,129.29,33.58"
01/03/2025,"128.19,120.38,117.09,,112.15,109.75,114.38,118.86,135.79,138.79,137.74,125.08,112.11,102.21,97.27,99.39,109.23,125.41,145,158.55,150.78,137.29,128.6,123.57,119.92,97.27,158.55,119.45,119.7,128.43,102.03,144.94,127.35,123.65,125.13,116.99,119.57,115.23,122.16,132.8,109.17,119.76,136.45,107.55"
28/02/2025,"115.47,110.54,109.38,,106.93,112.03,112.63,135.99,150,161.82,145.5,127.7,115.97,109.51,108.57,111.58,125.57,135.05,152.85,161.24,158.86,143.96,132.94,127.43,119.03,106.93,161.82,110.58,127.66,137.75,113.81,152,130.84,128.77,134.52,111.16,119.12,125.78,123.03,148.33,115.44,131.26,140.58,116.48"
27/02/2025,"101.48,103.81,101.24,,99.6,100.43,105.87,115.18,152.32,159.05,142.58,129.94,110,101.1,109.25,110,123,142.62,158.69,174.71,163.17,144.61,136.54,124.69,114.89,99.6,174.71,101.53,118.45,135.39,110.84,159.8,130.18,126.03,135.34,102.07,109.99,123.12,116.72,142.28,112.57,133.58,143.1,113.88"
26/02/2025,"122.99,119.82,116.94,,115.98,116.56,117.27,132.65,159.93,175.19,160.22,141.37,129.95,120.53,119.89,125.12,132.9,149.75,165.01,172.57,162.82,147.38,118.44,120.94,112.46,112.46,175.19,118.93,131.6,151.68,124.61,162.54,124.81,135.7,146.28,118.26,125.27,138.15,125.11,157,127.94,143.2,139.1,128.29"
25/02/2025,"90.6,89.91,93.39,,93.86,97.43,105.78,144.87,167.16,173.34,153.73,140.36,126.75,124.63,125.81,134.38,148.34,170.68,207.97,233.05,188.09,156.96,142.47,129.46,115.13,89.91,233.05,91.94,128.81,148.55,133.29,199.95,136.01,139.76,160.59,95.16,110.38,140.92,118.92,159.78,129.39,165.34,160.86,133.38"
24/02/2025,"70.83,67.99,40.98,,37.1,65.34,70.03,81,84.8,106.68,93.26,79.04,83.44,81.63,83,86.4,92.55,100.7,112.94,137.81,148.71,129.27,112.29,112.9,106.48,37.1,148.71,54.23,75.29,90.61,85.9,125.04,115.24,91.05,100.51,58.71,64.76,88.25,81.58,91.44,81.78,98.15,124.58,84.34"
23/02/2025,"91.1,84.99,86.21,,83.63,85.77,87.33,87.7,108,112.24,99.35,83,81.5,71.12,69.2,64.75,69.11,84.7,150.45,154.69,117.02,96.03,77.32,73.81,65.99,64.75,154.69,86.48,92.2,94.02,68.55,126.72,78.29,91.04,96.43,86.51,89.34,81.28,85.66,101.82,76.21,92.25,97.48,73.11"
22/02/2025,"50.99,48.62,47.96,,42.62,41.2,49.15,49.11,61.22,68.25,67.74,53.21,47.13,40.4,52.69,68,85.6,100.95,108.38,106.98,115.18,103,101.58,94.27,83.51,40.4,115.18,47.55,50.17,59.08,61.67,107.87,95.59,70.32,76.21,46.76,48.86,60.38,64.44,61.58,48.36,90.73,100.75,57.84"
21/02/2025,"75.51,74.99,79.8,,83.4,82.4,82.03,106.47,152.5,145.21,120.98,98.68,83.4,78,76.41,79.52,82.94,103.47,103.45,101.98,81.95,80.25,70.85,70.64,64.33,64.33,152.5,78.43,105.85,112.07,79.22,97.71,71.52,90.8,96.33,79.69,92.14,95.64,85.26,131.29,84.12,92.35,78.33,83.16"
20/02/2025,"86.17,85.2,84.56,,83.64,82.18,83.84,86.31,110.41,127.98,105.87,93.72,87.23,86.87,84.51,84.78,90.05,98.34,110.13,112.38,122.45,105.91,92.41,90.84,83,82.18,127.98,84.89,90.69,103.7,86.55,110.83,93.04,94.95,100.36,84.27,87.79,95.13,89.54,107.64,88.08,95.83,101.17,87.86"
19/02/2025,"104.54,99.29,99.6,,97.29,94.5,97.48,115,149.5,166.37,128.76,107.91,89.28,81.52,82.74,85.2,90.63,110.03,131.28,142.98,144.42,120.9,113.75,107.13,99.81,81.52,166.37,100.18,114.12,123.08,85.02,132.18,110.4,110.83,113.43,98.78,107.15,104.05,108.23,139.91,90.36,104.29,121.5,89.55"
18/02/2025,"132.95,125,123.56,,117.11,115.66,121.93,143.61,190.34,193.8,143.53,124.24,109.71,96.41,88.53,98.35,110,128.16,177.61,174.32,155.91,142.42,129.41,121.9,114.45,88.53,193.8,124.66,142.89,142.82,98.32,159,127.05,132.45,133.38,122.7,133.77,120.57,131.53,167.82,104.72,128.53,139.74,104.54"
17/02/2025,"128.05,121.06,120.34,,125.52,128.94,131.54,153.16,204.74,209.79,171.3,139.67,117.19,109.47,106.78,111.89,132.27,158.96,222.92,271,215.36,177.86,155.19,139.39,129.57,106.78,271,123.74,154.6,159.49,115.1,217.06,150.5,153.42,163.88,125.91,139.17,137.3,142.95,184.75,118.28,156.51,181.4,119.55"
16/02/2025,"134.11,128.9,123.57,,119.9,119.57,120.18,119.92,127.51,129.6,130.49,127.7,124.03,124.67,118.77,121.02,129.55,137.68,153.98,169.98,160.29,153.72,139.34,137.62,131.51,118.77,169.98,126.62,121.8,127.96,123.5,155.48,140.55,132.65,135.65,124.37,124.21,125.73,129.65,126.88,123.79,135.56,148.74,124.29"
15/02/2025,"135.29,130.34,120,,118.24,118.45,120.37,133.74,148.58,150.67,137.01,124.59,118.36,112.39,110.01,116.15,128.83,145.89,164.54,174.7,164.76,149.65,128.31,132.37,124.54,110.01,174.7,125.97,130.29,132.66,116.85,162.47,133.72,133.66,137.33,123.78,128.13,124.75,129.99,142.5,116.34,138.85,145.72,118.39"
14/02/2025,"139.21,132.8,128.5,,127.65,129.58,139.59,162.89,227.08,265.64,215.11,181.03,163.01,149.86,148.61,155.8,175.06,200,298.91,293.06,225.7,183.55,163.79,153,140.03,127.65,298.91,132.04,164.79,206.2,157.33,254.42,160.09,179.14,205.98,132.89,148.41,181.77,152.31,217.68,160.63,207.44,193.19,162.23"
13/02/2025,"140.33,137.75,140.79,,136.59,140,142,159.99,190.33,222.36,220.05,203.89,184.68,174.52,170.1,166.7,170.1,182,213.05,207.17,196.52,177.03,162.92,153.12,138.97,136.59,222.36,138.87,158.08,207.75,170.36,199.69,158.01,172.12,192.6,139.58,148.47,189.05,151.65,198.18,183.3,182.96,172.62,178.33"
12/02/2025,"129.13,127.77,126.82,,126.59,128.74,131.24,151.13,163.64,180,174.92,162.05,144.01,137.28,142.03,149.4,159.67,173.21,184.59,197.13,192.57,173.9,155.78,150.38,141.81,126.59,197.13,127.58,143.69,165.25,147.1,186.88,155.47,154.32,166.41,128.38,135.63,156.17,142.24,167.42,146.34,166.72,168.6,149.07"
11/02/2025,"77.45,71.1,71.62,,74.89,77.45,87.44,100.46,134.93,155.53,141.42,96.65,92.78,97.68,111.11,123.46,143.69,144.47,159.97,168.19,167.45,162.63,148.75,142.95,128.24,71.1,168.19,73.77,100.07,121.6,118.99,160.02,145.64,120.01,133.53,76.66,86.92,120.29,106.49,133.09,99.56,142.9,153.04,110.9"
10/02/2025,"118.58,111.82,109.22,,106.29,105.85,112,145.38,162.02,181.36,163.18,135.9,115.28,109.36,109.74,123.07,128.54,133.58,133.82,142.11,114.85,94.37,91.48,88.87,87.38,87.38,181.36,111.48,131.31,148.93,117.68,131.09,90.53,121.84,132.57,110.63,121.4,133.3,111.11,162.99,117.57,129.75,103.18,120.32"
09/02/2025,"135,134.51,130.18,,119.3,116.79,117,117,133.43,136.77,123.97,114.79,105.65,98.71,95.53,109.9,120.4,141.96,148.58,161.93,156.13,150.65,142.92,143,127.97,95.53,161.93,129.75,121.06,120.3,106.14,152.15,141.14,128.42,126.19,125.46,125.4,113.22,130.65,127.79,103.67,130.21,147.1,107.5"
08/02/2025,"81.34,84.85,85.8,,87.08,89.69,90.99,90.8,95.31,111.11,92.68,79.42,68.75,67.71,79.85,89.85,118,140.87,150,160.49,161.1,156.42,149,144,136.31,67.71,161.1,84.77,91.7,87.99,88.85,153.12,146.43,108.81,109.99,86.63,88.23,88.42,107.63,97.48,73.93,124.68,151.22,83.93"
07/02/2025,"126.05,112.7,108.82,,105,104.81,105.07,112.39,141.66,164.21,150.36,133.88,115.14,111.49,106.77,109.59,111.68,126.61,142.85,149.05,144.32,126.93,100,98.72,100.14,98.72,164.21,113.14,115.98,140.9,109.88,140.71,106.45,121.18,130.5,110.41,114.56,125.39,111.86,142.16,116.82,122.68,119.86,114.76"
06/02/2025,"133.67,129.57,125.87,,125,125.01,135.28,156.12,180.09,219.42,178.99,160.14,152.56,147.89,145.48,137.79,150.8,164.89,171.59,170.48,162.95,141.33,131.26,134,121.95,121.95,219.42,128.53,149.13,177.78,145.49,167.48,132.14,150.09,163.58,129.07,138.83,161.63,136.6,183.66,151.52,156.27,143.66,149.11"
05/02/2025,"113.34,109.67,109.4,,108.18,115.17,122.42,139.81,165.32,180.81,159.33,132.19,119.96,115.46,118.8,128.85,144.12,160.58,177.19,189.9,189.63,170,155.42,143.7,133.21,108.18,189.9,110.15,135.68,148.07,126.81,179.33,150.58,141.77,151.4,113.03,122.91,137.44,132.14,161.32,121.6,152.69,163.64,126.56"
04/02/2025,"132.4,125.54,123.18,,123.99,123.25,127.63,155.42,192.24,211.99,163.31,136.53,126.57,116.89,113.17,120.09,127.47,164.81,168.99,175,162.04,145.01,132.43,129.42,120.62,113.17,211.99,126.28,149.64,159.6,119.41,167.71,131.87,142.42,148.91,126,137.96,139.5,135.93,180.74,123.29,145.34,144.09,123.45"
03/02/2025,"129.54,126.63,124.72,,120.04,123.24,127.77,159.18,207.88,243.23,178.04,149.95,126.05,117.27,115.29,124.18,145.86,170.71,216,200.73,201.1,167.74,153,144.23,135.81,115.29,243.23,125.23,154.52,174.32,125.65,197.14,150.2,154.51,165.7,125.32,139.88,149.98,143.32,197.08,127.14,164.19,167.1,129.77"
02/02/2025,"133.26,126.91,122.99,,120.66,122.34,123.41,128.09,135.9,137.3,137.7,130.04,129.33,122.24,111.88,116.42,127.97,151.21,164.03,172.49,173.95,165.5,155.77,148.44,133.24,111.88,173.95,125.96,127.44,133.59,119.63,165.42,150.74,137.13,139.55,124.93,126.7,126.61,134.71,134.75,123.37,139.91,158.23,122.98"
01/02/2025,"136.93,129.42,124.24,,119.12,118.86,120.54,127.1,144.74,153.46,142.44,128.4,120.08,110.29,103.4,113.7,129.49,154.43,168.27,167.51,162.98,156.6,145.24,141.73,131.74,103.4,168.27,127.43,127.81,136.1,114.22,163.3,143.83,135.45,137.87,124.85,127.62,125.16,133.02,141.94,115.54,141.47,150.97,117.56"
31/01/2025,"120,117.08,113.89,,113.12,115.98,120.74,131.87,157.97,163.7,154.82,130.1,126.2,120.06,121.19,119.76,149.87,168.26,185.26,184.48,178.99,162.66,152.7,144.31,131.41,113.12,185.26,116.02,131.64,143.71,127.72,179.25,147.77,141.02,150.22,116.8,123.83,135.71,131.81,152.09,124.39,155.79,159.09,127.86"
30/01/2025,"92.41,92.43,93.33,,92.95,92.43,108.65,139.83,152.64,160.3,151.51,135.09,123.25,115.89,113.3,129.41,153.22,160.87,180.36,176.58,161.28,150.2,134.17,126.46,120.2,92.41,180.36,92.78,123.39,142.54,127.96,169.77,132.76,131.53,146.76,95.37,108.08,135.25,116.31,151.07,121.88,155.97,144.82,128.36"
29/01/2025,"87.72,83.39,78.16,,75.64,79.01,86.98,93.14,141.42,142.54,130.45,105.05,89.25,85,85.53,87.67,102.75,132.66,149.57,150.09,146.3,131.95,119.65,111.99,99.33,75.64,150.09,81.23,100.14,116.82,90.24,144.66,115.73,108.14,117.24,81.82,90.68,103.53,99.03,126.89,91.21,118.16,126.55,92.54"
28/01/2025,"76.92,71.53,57.33,,69.28,76.92,77.59,98.22,125.45,147.5,135.3,120.53,116.34,114.75,117.39,121.33,139.91,147,149.6,134.94,128.9,94.76,87.26,79.8,64.43,57.33,149.6,68.77,94.55,129.92,123.35,140.11,81.56,106.37,131.12,71.6,81.66,126.63,81.62,126.62,117.25,139.46,98.35,121.71"
27/01/2025,"40.14,35.26,26.38,,14.07,10.1,21.52,34.1,56.99,71.76,62.96,45.57,40.11,35.66,38.37,53.95,86.79,102.46,118.56,118.67,100.05,94.07,85.08,82.26,69.28,10.1,118.67,28.96,30.68,55.1,53.69,109.94,82.67,60.17,72.91,24.58,29.82,54.4,47.44,56.45,39.93,90.44,91.57,50.08"
26/01/2025,"126.21,115.79,111.3,,106.85,105.43,107.86,110.6,117.62,124.17,121.97,105.51,102.57,96.73,90.02,92.52,111.63,125.92,132.77,118.94,90.32,78.93,68.26,49.25,23.89,23.89,132.77,115.04,110.38,113.56,97.73,116.99,55.08,101.46,109.42,112.24,112.71,105.64,93.5,118.59,98.71,115.71,71.6,99.83"
25/01/2025,"59.04,64.96,63.55,,67.17,76.77,76.89,79.32,76.89,88.99,87.31,86.32,88.15,82.55,81.98,89,111.07,132.97,145.85,151,147.53,137.6,134.61,132.26,122.03,59.04,151,63.68,77.47,87.69,91.15,144.34,131.63,99.33,107.73,68.06,70.57,89.42,90.92,83.13,84.75,119.72,137.51,89.85"
24/01/2025,"69.03,58.16,45.05,,40.6,50.17,73.2,85.44,109.16,116.23,96.34,88.9,78.44,76.48,74.69,74.51,74.51,75.25,83.02,88.59,91.78,84.99,80.79,91.97,86.29,40.6,116.23,53.21,79.49,94.98,75.05,84.66,86.01,78.9,84.9,56.04,66.35,85.01,72.9,101.79,79.63,76.82,87.4,77.92"
23/01/2025,"113.7,108.88,105.58,,100.01,97.59,100.01,106.41,136.6,159.03,155.42,130.94,116.1,94.93,88.56,85.86,89.8,89.87,106.75,112,101.87,86.36,74.28,75.68,58.23,58.23,159.03,107.04,110.15,140.37,89.79,102.62,73.64,103.94,110.93,104.3,108.6,115.08,96.94,139.37,107.63,93.07,84.74,101.03"
22/01/2025,"128,125.06,122.22,,121.66,123.16,128.32,156.92,208.25,238.6,199.41,179.06,172.94,165,170,179.92,195.67,199.04,208.99,180.43,167.08,134.49,127.78,128.09,114.68,114.68,238.6,124.24,154.16,197.5,177.65,188.89,126.26,161.45,188.01,124.74,139.2,187.58,134.89,200.8,171.75,195.91,142.09,177.1"
21/01/2025,"127.52,121.65,116.67,,113.86,113.54,122.34,142.2,190.06,248.32,211.68,198.05,161.5,147.44,142.83,150.05,173.43,212.13,301.15,251.93,202.68,174.84,155.19,138.6,125.29,113.54,301.15,119.93,142.04,204.89,153.44,241.97,148.48,168.46,200.1,119.26,130.98,179.16,136.81,198.07,162.46,209.19,174.76,162.22"
20/01/2025,"122.27,119.44,116.56,,114.41,115.45,127.54,161.71,276.48,431.99,291.7,236.29,187.48,176,171.39,191.85,277.17,402.12,583.4,473.28,295.57,220,170,152.51,137.98,114.41,583.4,118.17,170.3,286.87,204.1,438.59,170.12,231.36,309.85,119.28,144.23,245.48,152.86,290.47,192.79,363.64,241.56,206.7"
19/01/2025,"129.73,124.2,123.05,,121.24,120.18,120,121.57,123.33,123.6,125.16,125.19,121.56,112.25,107.51,116.81,126.29,140.15,149.67,159.04,156.6,149.06,139.26,130.99,122.94,107.51,159.04,124.56,121.27,123.88,115.72,151.37,135.56,128.72,130.32,123.07,122.91,119.8,127.13,123.42,116.63,133.23,142.98,118.27"
18/01/2025,"125.29,121.05,120.98,,118.85,116.46,119.77,119.75,133.39,145.63,144.1,131.21,121.56,118.87,115.01,119.32,133.32,149.71,164.59,167.57,167.85,156.12,143.42,136.4,129.36,115.01,167.85,121.54,122.34,135.63,121.63,162.43,141.33,134.15,139.9,120.4,121.94,128.63,128.4,135.72,121.66,141.74,150.12,123.22"
17/01/2025,"118.87,118.39,115.71,,114.72,115.48,122.16,140.8,175.01,208.13,175.34,158,140.73,126.44,124.03,132.99,151.98,170.21,178.79,179.92,174.22,157.91,145,139.97,126.84,114.72,208.13,116.92,138.36,170.55,133.86,175.79,142.43,146.32,160.07,117.56,127.64,152.21,132.57,174.82,137.3,158.49,153.98,139.03"
16/01/2025,"126.33,119.12,117.62,,115.03,115.75,123.27,138.7,173.04,199.65,175,151.9,140.64,131.13,130.58,138.42,163.04,179.2,191.56,184.32,179.97,159.6,141.6,135.29,123.75,115.03,199.65,119.53,137.69,166.8,140.79,183.76,140.06,148.1,163.78,119.52,128.61,153.8,132.43,171.6,138.56,168.06,154.09,142.62"
15/01/2025,"108.28,107.72,108.41,,108.04,108.75,114.92,134.49,191.79,307.24,315.02,311.03,304.8,311.02,309.34,285.83,301.74,333.52,377.99,324.74,270.09,181.66,150.87,141.16,123.9,107.72,377.99,108.11,137.49,309.52,301.98,326.59,149.4,222.18,312.7,109.35,122.8,305.75,131.67,237.14,309.05,324.77,198.74,303.96"
14/01/2025,"106.38,103.7,99.08,,97.99,101.88,107.64,123.4,156.62,184.03,151.86,117.62,109.31,103.11,108.11,115.35,125.35,141.97,165.86,170.07,158.38,135.46,117.69,121,121.76,97.99,184.03,101.79,122.39,140.71,112.98,159.07,123.98,126.82,137.59,102.78,112.09,126.84,116.05,153.98,109.54,137.13,137.39,113.14"
13/01/2025,"112.39,105.07,104.46,,100.37,100,110.11,140.28,181.92,223.09,174.09,141.69,115.73,104.1,103.04,104.67,138.2,142.62,149,149,139.73,123.18,120.22,115.57,102.31,100,223.09,105.57,133.08,163.65,112.5,145.09,115.32,129.2,140.41,105.4,119.33,138.08,117.99,179.85,116.14,133.62,125,117.91"
12/01/2025,"83.58,83.79,86.75,,84.2,85,83.75,85.9,101.75,114.67,120.07,117.77,105.61,102.99,99.61,104.74,118.7,132.92,141,146.66,143.66,134.86,127.49,121.2,114.9,83.58,146.66,84.58,89.1,114.53,106.51,141.06,124.61,110.07,120.7,84.51,86.84,110.52,99.43,105.6,106.5,124.34,131.46,108.24"
11/01/2025,"106.64,98.99,95.71,,89.45,88.35,88.4,88.13,94.68,107.65,103.14,101.13,99.56,96.74,93.15,94.9,104.89,112.12,119.8,122.34,114.85,111.19,104.8,103.07,105.69,88.13,122.34,97.7,89.89,102.87,97.42,117.28,106.19,101.89,105.86,94.59,93.79,100.15,97.93,98.4,97.65,107.93,110.32,98.4"
10/01/2025,"84.79,80.23,71.29,,69.05,69.89,83.9,99.09,123.92,139.47,136.92,123.57,113.59,107.43,105.01,110.01,128.69,134.87,142.56,144.12,141.05,134.82,122.51,119.77,111.71,69.05,144.12,76.34,94.2,128.39,112.79,140.65,122.2,112.43,127.27,76.53,85.27,120.59,97.58,124.85,112.4,129.03,129,114.72"
09/01/2025,"101.44,100,98.77,,95.22,98.28,102.65,133.54,148.8,164.88,156.15,147.64,140.21,128.18,121.15,123.95,127.53,123.75,130.91,134.75,125.44,119.23,104.99,101.1,88.19,88.19,164.88,98.86,120.82,152.22,125.2,128.71,103.38,121.53,135.38,99.39,109.84,138.71,107.68,150.84,134.3,126.54,112.28,131.44"
08/01/2025,"71.05,68.01,63.34,,57.01,66.29,72.07,82.7,100.73,128.22,108.18,94.65,100.01,89.99,97.2,110.19,127.8,135.82,155.46,149.23,146.48,136.86,127.86,115.92,103.59,57.01,155.46,64.85,80.45,107.77,106.3,146.75,121.06,104.53,120.27,66.3,72.65,107.03,88.79,104.96,95.46,132.32,129.99,103.31"
07/01/2025,"19.07,8.71,8.9,,5.01,5.13,5.8,48.86,76.83,85.08,84.24,75.25,62.8,62.44,63.9,72.56,78.11,79.98,96.03,101.11,86.21,78.01,72.45,72.45,50.04,5.01,101.11,10.42,34.16,76.84,69.25,90.83,68.24,58.29,78.98,8.77,22.29,73.05,37.61,73.75,66.1,81.67,76.71,69.18"
06/01/2025,"27.52,19.26,11.35,,9.2,10,14.81,23.82,31.72,41.37,36.36,34.69,32.83,31.28,28.6,25.61,26.32,26.87,31.66,31.58,28.74,26.59,13.82,26.94,12.99,9.2,41.37,16.83,20.09,36.31,27.95,29.71,20.09,25.16,31.33,15.36,18.46,32.13,19,33.32,31.85,27.62,23.44,29.89"
05/01/2025,"113.84,100.33,93.61,,93.87,89.38,83.55,83.92,82.53,84.05,89.15,82.95,88.82,81.66,78.39,68,50.64,49.91,66.3,65.05,51.28,36.85,36.8,34.68,28.14,28.14,113.84,100.41,84.85,86.24,69.67,58.14,34.12,72.24,71.35,95.76,92.63,77.96,73.13,84.91,82.96,58.71,42.13,75.08"
04/01/2025,"90.43,90.29,90.2,,91.52,95.95,102.11,110.66,119.96,128.39,130.75,130.34,128.29,130.03,129.85,136.4,138.72,142,151.24,143.85,137.96,129.49,122.83,118.29,109.49,90.2,151.24,90.61,107.17,129.44,133.75,143.76,120.03,120.79,135.65,93.42,98.89,131.6,105.94,122.44,129.63,142.09,126.99,132.27"
03/01/2025,"99.56,87.53,85.01,,83.79,77.5,79.88,83.56,78.43,82.57,80.76,77.64,70.48,69.94,77.8,78.81,85.29,105.51,116.66,115.06,114.91,113.3,107.8,98.22,88.57,69.94,116.66,88.97,79.84,77.86,77.96,113.04,101.97,89.94,89.62,85.55,84.41,77.91,90.26,81.33,73.97,96.57,106.31,76.66"
02/01/2025,"2.55,1.56,3.45,,7.02,12.75,30.07,67.13,98.83,121.53,127.23,126.35,119.97,115.95,113.9,122.21,130.11,138.59,152.87,152.94,139.15,130,119.78,113.42,82.47,1.56,152.94,3.65,52.2,123.77,120.54,145.89,111.42,92.91,130.07,9.57,27.92,122.16,55.75,103.68,119.04,135.95,122.96,121.42"
01/01/2025,"2.16,1.6,0,,-0.01,-0.01,-0.06,-0.09,-0.01,-0.01,-0.04,-0.03,-0.1,-0.05,-0.1,-1.01,-0.01,-0.01,0.07,1.01,1.48,1,0.07,10.05,7.01,-1.01,10.05,0.94,-0.04,-0.05,-0.29,0.64,4.53,0.95,0.1,0.61,0.45,-0.17,1.81,-0.04,-0.07,-0.24,3.44,-0.22"